model,runtime,rank,layer_name,backend,granularity,mean_ms,std_ms,min_ms,max_ms,samples,percent_total_ms,cumulative_percent_ms
yolov8n,ncnn_vulkan,3,Convolution:conv_2,ncnn,ncnn_layer,4.473888,0.01267,4.44328,4.5063,70,6.336363,20.091728
yolov8n,ncnn_vulkan,55,Swish:silu_69,ncnn,ncnn_layer,0.426142,0.002118,0.42276,0.43625,70,0.603544,88.177921
yolov8n,ncnn_vulkan,1,Convolution:conv_3,ncnn,ncnn_layer,5.02317,0.001909,5.01865,5.02682,70,7.114311,7.114311
yolov8n,ncnn_vulkan,65,Swish:silu_70,ncnn,ncnn_layer,0.211897,0.001078,0.20922,0.21396,70,0.30011,91.593518
yolov8n,ncnn_vulkan,46,Convolution:conv_4,ncnn,ncnn_layer,0.522774,0.001378,0.51964,0.52599,70,0.740404,81.853212
yolov8n,ncnn_vulkan,64,Swish:silu_71,ncnn,ncnn_layer,0.213923,0.001239,0.21083,0.21734,70,0.302979,91.293408
yolov8n,ncnn_vulkan,67,Slice:split_0,ncnn,ncnn_layer,0.196346,0.000847,0.19427,0.19833,70,0.278085,92.153832
yolov8n,ncnn_vulkan,171,Split:splitncnn_0,ncnn,ncnn_layer,0.000336,2.5e-05,0.00031,0.00036,70,0.000476,99.997275
yolov8n,ncnn_vulkan,12,Convolution:conv_5,ncnn,ncnn_layer,1.102316,0.00792,1.07969,1.12,70,1.561209,48.174963
yolov8n,ncnn_vulkan,75,Swish:silu_72,ncnn,ncnn_layer,0.111163,0.001266,0.10849,0.11391,70,0.15744,93.910174
yolov8n,ncnn_vulkan,13,Convolution:conv_6,ncnn,ncnn_layer,1.096945,0.007964,1.07646,1.12031,70,1.553602,49.728565
yolov8n,ncnn_vulkan,76,Swish:silu_73,ncnn,ncnn_layer,0.10993,0.000944,0.10766,0.11198,70,0.155694,94.065867
yolov8n,ncnn_vulkan,73,BinaryOp:add_0,ncnn,ncnn_layer,0.143078,0.000767,0.1412,0.1449,70,0.202641,93.557879
yolov8n,ncnn_vulkan,56,Concat:cat_0,ncnn,ncnn_layer,0.29128,0.000827,0.2899,0.29307,70,0.41254,88.590461
yolov8n,ncnn_vulkan,22,Convolution:conv_7,ncnn,ncnn_layer,0.750214,0.001686,0.74604,0.75448,70,1.062527,60.612671
yolov8n,ncnn_vulkan,61,Swish:silu_74,ncnn,ncnn_layer,0.215968,0.001395,0.21245,0.21891,70,0.305875,90.381319
yolov8n,ncnn_vulkan,2,Convolution:conv_8,ncnn,ncnn_layer,4.68902,0.002037,4.6851,4.69365,70,6.641054,13.755365
yolov8n,ncnn_vulkan,80,Swish:silu_75,ncnn,ncnn_layer,0.10849,0.000894,0.10635,0.11089,70,0.153654,94.683
yolov8n,ncnn_vulkan,53,Convolution:conv_9,ncnn,ncnn_layer,0.495168,0.00091,0.49297,0.49719,70,0.701306,86.883528
yolov8n,ncnn_vulkan,78,Swish:silu_76,ncnn,ncnn_layer,0.108838,0.001073,0.10672,0.11151,70,0.154147,94.375331
yolov8n,ncnn_vulkan,88,Slice:split_1,ncnn,ncnn_layer,0.102118,0.000831,0.10078,0.10651,70,0.14463,95.867721
yolov8n,ncnn_vulkan,170,Split:splitncnn_1,ncnn,ncnn_layer,0.000337,2.5e-05,0.00031,0.00036,70,0.000477,99.996799
yolov8n,ncnn_vulkan,29,Convolution:conv_10,ncnn,ncnn_layer,0.673999,0.002856,0.66635,0.6812,70,0.954584,67.638775
yolov8n,ncnn_vulkan,108,Swish:silu_77,ncnn,ncnn_layer,0.056233,0.000739,0.05443,0.05771,70,0.079643,97.87854
yolov8n,ncnn_vulkan,34,Convolution:conv_11,ncnn,ncnn_layer,0.670099,0.00403,0.66042,0.68219,70,0.949061,72.397361
yolov8n,ncnn_vulkan,106,Swish:silu_78,ncnn,ncnn_layer,0.056544,0.000836,0.05453,0.05917,70,0.080083,97.719145
yolov8n,ncnn_vulkan,98,BinaryOp:add_1,ncnn,ncnn_layer,0.073506,0.000473,0.07219,0.07458,70,0.104106,97.001981
yolov8n,ncnn_vulkan,172,Split:splitncnn_2,ncnn,ncnn_layer,0.000336,2.5e-05,0.00031,0.00036,70,0.000476,99.997751
yolov8n,ncnn_vulkan,33,Convolution:conv_12,ncnn,ncnn_layer,0.671424,0.00342,0.66526,0.68109,70,0.950937,71.4483
yolov8n,ncnn_vulkan,107,Swish:silu_79,ncnn,ncnn_layer,0.05631,0.000709,0.05443,0.05776,70,0.079752,97.798897
yolov8n,ncnn_vulkan,32,Convolution:conv_13,ncnn,ncnn_layer,0.672539,0.003726,0.66448,0.68,70,0.952516,70.497363
yolov8n,ncnn_vulkan,104,Swish:silu_80,ncnn,ncnn_layer,0.056689,0.000598,0.05526,0.05807,70,0.080289,97.558917
yolov8n,ncnn_vulkan,97,BinaryOp:add_2,ncnn,ncnn_layer,0.073539,0.000582,0.07245,0.07573,70,0.104153,96.897875
yolov8n,ncnn_vulkan,66,Concat:cat_1,ncnn,ncnn_layer,0.199273,0.00083,0.19755,0.2012,70,0.28223,91.875748
yolov8n,ncnn_vulkan,15,Convolution:conv_14,ncnn,ncnn_layer,0.952202,0.000876,0.95021,0.95464,70,1.348603,52.493587
yolov8n,ncnn_vulkan,81,Swish:silu_81,ncnn,ncnn_layer,0.10832,0.001092,0.1062,0.11115,70,0.153414,94.836413
yolov8n,ncnn_vulkan,159,Split:splitncnn_3,ncnn,ncnn_layer,0.00034,2.4e-05,0.00031,0.00036,70,0.000482,99.991521
yolov8n,ncnn_vulkan,4,Convolution:conv_15,ncnn,ncnn_layer,4.193724,0.001619,4.19099,4.19833,70,5.939567,26.031295
yolov8n,ncnn_vulkan,112,Swish:silu_82,ncnn,ncnn_layer,0.054643,0.000786,0.05313,0.05698,70,0.077391,98.192144
yolov8n,ncnn_vulkan,54,Convolution:conv_16,ncnn,ncnn_layer,0.487785,0.000728,0.48542,0.49005,70,0.690849,87.574377
yolov8n,ncnn_vulkan,110,Swish:silu_83,ncnn,ncnn_layer,0.055894,0.000741,0.05417,0.0575,70,0.079163,98.037201
yolov8n,ncnn_vulkan,119,Slice:split_2,ncnn,ncnn_layer,0.053707,0.000378,0.05302,0.0549,70,0.076065,98.729795
yolov8n,ncnn_vulkan,160,Split:splitncnn_4,ncnn,ncnn_layer,0.00034,2.4e-05,0.00031,0.00036,70,0.000482,99.992002
yolov8n,ncnn_vulkan,39,Convolution:conv_17,ncnn,ncnn_layer,0.545629,0.002279,0.53974,0.55062,70,0.772774,76.513315
yolov8n,ncnn_vulkan,138,Swish:silu_84,ncnn,ncnn_layer,0.027668,0.000656,0.02641,0.02932,70,0.039186,99.601397
yolov8n,ncnn_vulkan,44,Convolution:conv_18,ncnn,ncnn_layer,0.540146,0.002221,0.53583,0.54542,70,0.765008,80.349375
yolov8n,ncnn_vulkan,131,Swish:silu_85,ncnn,ncnn_layer,0.028071,0.000637,0.02682,0.02958,70,0.039757,99.325431
yolov8n,ncnn_vulkan,125,BinaryOp:add_3,ncnn,ncnn_layer,0.037422,0.000322,0.03661,0.03844,70,0.053001,99.078377
yolov8n,ncnn_vulkan,163,Split:splitncnn_5,ncnn,ncnn_layer,0.000339,2.5e-05,0.00031,0.00036,70,0.00048,99.993445
yolov8n,ncnn_vulkan,41,Convolution:conv_19,ncnn,ncnn_layer,0.542454,0.002548,0.53531,0.54818,70,0.768277,78.05278
yolov8n,ncnn_vulkan,135,Swish:silu_86,ncnn,ncnn_layer,0.027791,0.000549,0.02682,0.02958,70,0.03936,99.483588
yolov8n,ncnn_vulkan,42,Convolution:conv_20,ncnn,ncnn_layer,0.540789,0.002307,0.53573,0.54609,70,0.765919,78.818699
yolov8n,ncnn_vulkan,133,Swish:silu_87,ncnn,ncnn_layer,0.028013,0.000623,0.02688,0.02964,70,0.039675,99.404841
yolov8n,ncnn_vulkan,124,BinaryOp:add_4,ncnn,ncnn_layer,0.037428,0.000418,0.03667,0.03932,70,0.053009,99.025377
yolov8n,ncnn_vulkan,85,Concat:cat_2,ncnn,ncnn_layer,0.102993,0.000777,0.10146,0.10594,70,0.145869,95.432504
yolov8n,ncnn_vulkan,16,Convolution:conv_21,ncnn,ncnn_layer,0.951261,0.001334,0.94839,0.95427,70,1.34727,53.840857
yolov8n,ncnn_vulkan,111,Swish:silu_88,ncnn,ncnn_layer,0.054757,0.000683,0.05266,0.05703,70,0.077552,98.114753
yolov8n,ncnn_vulkan,167,Split:splitncnn_6,ncnn,ncnn_layer,0.000338,2.5e-05,0.00031,0.00036,70,0.000479,99.995364
yolov8n,ncnn_vulkan,5,Convolution:conv_22,ncnn,ncnn_layer,4.073435,0.002652,4.06906,4.08109,70,5.769202,31.800497
yolov8n,ncnn_vulkan,142,Swish:silu_89,ncnn,ncnn_layer,0.027323,0.00054,0.0262,0.02849,70,0.038698,99.757214
yolov8n,ncnn_vulkan,52,Convolution:conv_23,ncnn,ncnn_layer,0.500373,0.001216,0.49734,0.50281,70,0.708678,86.182222
yolov8n,ncnn_vulkan,136,Swish:silu_90,ncnn,ncnn_layer,0.027759,0.000546,0.02661,0.02917,70,0.039315,99.522903
yolov8n,ncnn_vulkan,126,Slice:split_3,ncnn,ncnn_layer,0.030604,0.000388,0.02974,0.03156,70,0.043344,99.121722
yolov8n,ncnn_vulkan,164,Split:splitncnn_7,ncnn,ncnn_layer,0.000339,2.5e-05,0.00031,0.00036,70,0.00048,99.993925
yolov8n,ncnn_vulkan,48,Convolution:conv_24,ncnn,ncnn_layer,0.5102,0.001666,0.50594,0.51432,70,0.722596,83.313162
yolov8n,ncnn_vulkan,148,Swish:silu_91,ncnn,ncnn_layer,0.014461,0.000298,0.01375,0.015,70,0.020481,99.893006
yolov8n,ncnn_vulkan,50,Convolution:conv_25,ncnn,ncnn_layer,0.508204,0.001608,0.50526,0.51167,70,0.719769,84.754934
yolov8n,ncnn_vulkan,150,Swish:silu_92,ncnn,ncnn_layer,0.013793,0.00033,0.01292,0.01448,70,0.019535,99.932791
yolov8n,ncnn_vulkan,144,BinaryOp:add_5,ncnn,ncnn_layer,0.016725,0.000338,0.01604,0.01776,70,0.023688,99.810052
yolov8n,ncnn_vulkan,120,Concat:cat_3,ncnn,ncnn_layer,0.045736,0.000326,0.04484,0.04656,70,0.064776,98.794571
yolov8n,ncnn_vulkan,19,Convolution:conv_26,ncnn,ncnn_layer,0.752406,0.002094,0.74635,0.75797,70,1.065632,57.42172
yolov8n,ncnn_vulkan,140,Swish:silu_93,ncnn,ncnn_layer,0.027578,0.000556,0.0263,0.02943,70,0.039059,99.679618
yolov8n,ncnn_vulkan,59,Convolution:conv_27,ncnn,ncnn_layer,0.260545,0.001273,0.25797,0.26411,70,0.36901,89.732383
yolov8n,ncnn_vulkan,149,Swish:silu_94,ncnn,ncnn_layer,0.014298,0.000389,0.01354,0.01531,70,0.02025,99.913256
yolov8n,ncnn_vulkan,165,Split:splitncnn_8,ncnn,ncnn_layer,0.000339,2.5e-05,0.00031,0.00036,70,0.00048,99.994406
yolov8n,ncnn_vulkan,83,Pooling:maxpool2d_66,ncnn,ncnn_layer,0.106814,0.000299,0.10625,0.1074,70,0.151281,95.140306
yolov8n,ncnn_vulkan,157,Split:splitncnn_9,ncnn,ncnn_layer,0.000341,2.4e-05,0.00031,0.00036,70,0.000483,99.990556
yolov8n,ncnn_vulkan,86,Pooling:maxpool2d_67,ncnn,ncnn_layer,0.102986,0.000217,0.1026,0.10375,70,0.145859,95.578363
yolov8n,ncnn_vulkan,161,Split:splitncnn_10,ncnn,ncnn_layer,0.00034,2.4e-05,0.00031,0.00036,70,0.000482,99.992484
yolov8n,ncnn_vulkan,84,Pooling:maxpool2d_68,ncnn,ncnn_layer,0.103318,0.000374,0.10276,0.10432,70,0.146329,95.286635
yolov8n,ncnn_vulkan,103,Concat:cat_4,ncnn,ncnn_layer,0.060157,0.000524,0.05911,0.0613,70,0.0852,97.478628
yolov8n,ncnn_vulkan,14,Convolution:conv_28,ncnn,ncnn_layer,1.000085,0.002677,0.9938,1.00766,70,1.416419,51.144984
yolov8n,ncnn_vulkan,129,Swish:silu_95,ncnn,ncnn_layer,0.028626,0.000458,0.02766,0.03026,70,0.040543,99.245774
yolov8n,ncnn_vulkan,162,Split:splitncnn_11,ncnn,ncnn_layer,0.00034,2.4e-05,0.00031,0.00036,70,0.000482,99.992965
yolov8n,ncnn_vulkan,96,Interp:upsample_126,ncnn,ncnn_layer,0.078076,0.000585,0.07677,0.07948,70,0.110579,96.793721
yolov8n,ncnn_vulkan,74,Concat:cat_5,ncnn,ncnn_layer,0.13758,0.000846,0.13599,0.14198,70,0.194854,93.752733
yolov8n,ncnn_vulkan,10,Convolution:conv_29,ncnn,ncnn_layer,1.417058,0.002101,1.41281,1.42281,70,2.006978,44.610618
yolov8n,ncnn_vulkan,116,Swish:silu_96,ncnn,ncnn_layer,0.054266,0.000726,0.05297,0.05568,70,0.076857,98.500508
yolov8n,ncnn_vulkan,118,Slice:split_4,ncnn,ncnn_layer,0.054071,0.000473,0.05328,0.05599,70,0.076581,98.65373
yolov8n,ncnn_vulkan,168,Split:splitncnn_12,ncnn,ncnn_layer,0.000338,2.5e-05,0.00031,0.00036,70,0.000479,99.995843
yolov8n,ncnn_vulkan,38,Convolution:conv_30,ncnn,ncnn_layer,0.546377,0.002164,0.54021,0.55052,70,0.773833,75.740542
yolov8n,ncnn_vulkan,137,Swish:silu_97,ncnn,ncnn_layer,0.027754,0.000588,0.0262,0.02948,70,0.039308,99.562211
yolov8n,ncnn_vulkan,43,Convolution:conv_31,ncnn,ncnn_layer,0.540612,0.00225,0.5349,0.54573,70,0.765668,79.584367
yolov8n,ncnn_vulkan,128,Swish:silu_98,ncnn,ncnn_layer,0.028772,0.000387,0.02781,0.02979,70,0.04075,99.205231
yolov8n,ncnn_vulkan,93,Concat:cat_6,ncnn,ncnn_layer,0.079906,0.00054,0.07891,0.0813,70,0.113171,96.457515
yolov8n,ncnn_vulkan,25,Convolution:conv_32,ncnn,ncnn_layer,0.71974,0.000845,0.71818,0.72167,70,1.019367,63.689949
yolov8n,ncnn_vulkan,114,Swish:silu_99,ncnn,ncnn_layer,0.054499,0.000676,0.05286,0.0562,70,0.077187,98.346632
yolov8n,ncnn_vulkan,166,Split:splitncnn_13,ncnn,ncnn_layer,0.000339,2.5e-05,0.00031,0.00036,70,0.00048,99.994886
yolov8n,ncnn_vulkan,71,Interp:upsample_127,ncnn,ncnn_layer,0.155239,0.000833,0.15349,0.15807,70,0.219865,93.139526
yolov8n,ncnn_vulkan,57,Concat:cat_7,ncnn,ncnn_layer,0.281611,0.001912,0.27854,0.28771,70,0.398845,88.989306
yolov8n,ncnn_vulkan,11,Convolution:conv_33,ncnn,ncnn_layer,1.414345,0.00138,1.41188,1.41802,70,2.003135,46.613754
yolov8n,ncnn_vulkan,82,Swish:silu_100,ncnn,ncnn_layer,0.107754,0.001021,0.10552,0.10969,70,0.152612,94.989025
yolov8n,ncnn_vulkan,87,Slice:split_5,ncnn,ncnn_layer,0.102188,0.000656,0.10062,0.10396,70,0.144729,95.723091
yolov8n,ncnn_vulkan,173,Split:splitncnn_14,ncnn,ncnn_layer,0.000336,2.5e-05,0.00031,0.00036,70,0.000476,99.998227
yolov8n,ncnn_vulkan,28,Convolution:conv_34,ncnn,ncnn_layer,0.675916,0.004197,0.66745,0.68562,70,0.957299,66.684191
yolov8n,ncnn_vulkan,105,Swish:silu_101,ncnn,ncnn_layer,0.056588,0.000781,0.05495,0.05849,70,0.080146,97.639062
yolov8n,ncnn_vulkan,31,Convolution:conv_35,ncnn,ncnn_layer,0.672678,0.0036,0.66474,0.68177,70,0.952713,69.544847
yolov8n,ncnn_vulkan,109,Swish:silu_102,ncnn,ncnn_layer,0.056131,0.000659,0.05458,0.0576,70,0.079498,97.958038
yolov8n,ncnn_vulkan,72,Concat:cat_8,ncnn,ncnn_layer,0.152307,0.000963,0.15057,0.15667,70,0.215712,93.355238
yolov8n,ncnn_vulkan,24,Convolution:conv_36,ncnn,ncnn_layer,0.723561,0.000876,0.72161,0.72646,70,1.024779,62.670582
yolov8n,ncnn_vulkan,79,Swish:silu_103,ncnn,ncnn_layer,0.108744,0.001189,0.10667,0.11438,70,0.154014,94.529345
yolov8n,ncnn_vulkan,174,Split:splitncnn_15,ncnn,ncnn_layer,0.000336,2.5e-05,0.00031,0.00036,70,0.000476,99.998703
yolov8n,ncnn_vulkan,8,Convolution:conv_47,ncnn,ncnn_layer,1.802858,0.008048,1.78812,1.83047,70,2.553386,40.373198
yolov8n,ncnn_vulkan,77,Swish:silu_114,ncnn,ncnn_layer,0.109664,0.000944,0.1075,0.11161,70,0.155317,94.221184
yolov8n,ncnn_vulkan,6,Convolution:conv_37,ncnn,ncnn_layer,2.15709,0.001582,2.15391,2.16312,70,3.055084,34.855581
yolov8n,ncnn_vulkan,134,Swish:silu_104,ncnn,ncnn_layer,0.027809,0.000516,0.02656,0.02927,70,0.039386,99.444227
yolov8n,ncnn_vulkan,99,Concat:cat_9,ncnn,ncnn_layer,0.0735,0.000508,0.07229,0.075,70,0.104098,97.106079
yolov8n,ncnn_vulkan,27,Convolution:conv_38,ncnn,ncnn_layer,0.718823,0.001,0.71667,0.72115,70,1.018068,65.726891
yolov8n,ncnn_vulkan,113,Swish:silu_105,ncnn,ncnn_layer,0.05458,0.000697,0.05297,0.05641,70,0.077302,98.269446
yolov8n,ncnn_vulkan,117,Slice:split_6,ncnn,ncnn_layer,0.054114,0.000398,0.05333,0.05521,70,0.076642,98.577149
yolov8n,ncnn_vulkan,175,Split:splitncnn_16,ncnn,ncnn_layer,0.000336,2.5e-05,0.00031,0.00036,70,0.000476,99.999179
yolov8n,ncnn_vulkan,40,Convolution:conv_39,ncnn,ncnn_layer,0.544509,0.001851,0.53995,0.54901,70,0.771188,77.284503
yolov8n,ncnn_vulkan,132,Swish:silu_106,ncnn,ncnn_layer,0.028056,0.000496,0.02698,0.02958,70,0.039736,99.365167
yolov8n,ncnn_vulkan,45,Convolution:conv_40,ncnn,ncnn_layer,0.539033,0.002047,0.53448,0.54349,70,0.763432,81.112807
yolov8n,ncnn_vulkan,130,Swish:silu_107,ncnn,ncnn_layer,0.028172,0.000566,0.02682,0.02932,70,0.0399,99.285674
yolov8n,ncnn_vulkan,94,Concat:cat_10,ncnn,ncnn_layer,0.07983,0.000562,0.07891,0.08271,70,0.113063,96.570578
yolov8n,ncnn_vulkan,26,Convolution:conv_41,ncnn,ncnn_layer,0.719392,0.000869,0.7176,0.72172,70,1.018874,64.708823
yolov8n,ncnn_vulkan,115,Swish:silu_108,ncnn,ncnn_layer,0.05438,0.000777,0.05193,0.05615,70,0.077018,98.423651
yolov8n,ncnn_vulkan,169,Split:splitncnn_17,ncnn,ncnn_layer,0.000338,2.5e-05,0.00031,0.00036,70,0.000479,99.996322
yolov8n,ncnn_vulkan,7,Convolution:conv_42,ncnn,ncnn_layer,2.092941,0.001795,2.08849,2.09745,70,2.96423,37.819812
yolov8n,ncnn_vulkan,145,Swish:silu_109,ncnn,ncnn_layer,0.01514,0.000339,0.01438,0.01573,70,0.021443,99.831494
yolov8n,ncnn_vulkan,123,Concat:cat_11,ncnn,ncnn_layer,0.03937,0.000326,0.03844,0.0401,70,0.05576,98.972367
yolov8n,ncnn_vulkan,20,Convolution:conv_43,ncnn,ncnn_layer,0.751422,0.002293,0.7474,0.75812,70,1.064238,58.485958
yolov8n,ncnn_vulkan,141,Swish:silu_110,ncnn,ncnn_layer,0.027465,0.00056,0.0262,0.02896,70,0.038899,99.718516
yolov8n,ncnn_vulkan,127,Slice:split_7,ncnn,ncnn_layer,0.030191,0.000367,0.02948,0.0312,70,0.042759,99.164481
yolov8n,ncnn_vulkan,176,Split:splitncnn_18,ncnn,ncnn_layer,0.000334,2.5e-05,0.00031,0.00036,70,0.000473,99.999652
yolov8n,ncnn_vulkan,49,Convolution:conv_44,ncnn,ncnn_layer,0.509781,0.00143,0.50688,0.51448,70,0.722002,84.035165
yolov8n,ncnn_vulkan,146,Swish:silu_111,ncnn,ncnn_layer,0.014503,0.000246,0.01385,0.01505,70,0.020541,99.852035
yolov8n,ncnn_vulkan,51,Convolution:conv_45,ncnn,ncnn_layer,0.507386,0.001933,0.50349,0.51224,70,0.71861,85.473544
yolov8n,ncnn_vulkan,147,Swish:silu_112,ncnn,ncnn_layer,0.014467,0.000296,0.01375,0.01536,70,0.02049,99.872525
yolov8n,ncnn_vulkan,121,Concat:cat_12,ncnn,ncnn_layer,0.045442,0.000442,0.04458,0.04698,70,0.064359,98.85893
yolov8n,ncnn_vulkan,21,Convolution:conv_46,ncnn,ncnn_layer,0.751385,0.002273,0.74531,0.7574,70,1.064186,59.550144
yolov8n,ncnn_vulkan,139,Swish:silu_113,ncnn,ncnn_layer,0.027651,0.000504,0.02646,0.0288,70,0.039162,99.640559
yolov8n,ncnn_vulkan,177,Split:splitncnn_19,ncnn,ncnn_layer,0.000246,2.2e-05,0.00021,0.00026,70,0.000348,100.0
yolov8n,ncnn_vulkan,37,Convolution:conv_59,ncnn,ncnn_layer,0.579511,0.001851,0.57599,0.58375,70,0.820761,74.966708
yolov8n,ncnn_vulkan,153,Swish:silu_122,ncnn,ncnn_layer,0.008796,0.000109,0.00865,0.00906,70,0.012458,99.973263
yolov8n,ncnn_vulkan,68,Convolution:conv_60,ncnn,ncnn_layer,0.1841,0.000786,0.18188,0.18646,70,0.260741,92.414573
yolov8n,ncnn_vulkan,154,Swish:silu_123,ncnn,ncnn_layer,0.008725,0.00013,0.00839,0.00901,70,0.012357,99.98562
yolov8n,ncnn_vulkan,122,Convolution:conv_61,ncnn,ncnn_layer,0.040724,0.000429,0.03979,0.04177,70,0.057677,98.916608
yolov8n,ncnn_vulkan,30,Convolution:conv_62,ncnn,ncnn_layer,0.673134,0.002044,0.66833,0.67833,70,0.953359,68.592134
yolov8n,ncnn_vulkan,151,Swish:silu_124,ncnn,ncnn_layer,0.009952,0.000204,0.00953,0.01036,70,0.014095,99.946886
yolov8n,ncnn_vulkan,60,Convolution:conv_63,ncnn,ncnn_layer,0.242223,0.000906,0.2399,0.24422,70,0.34306,90.075443
yolov8n,ncnn_vulkan,152,Swish:silu_125,ncnn,ncnn_layer,0.009828,0.000147,0.00953,0.01026,70,0.013919,99.960805
yolov8n,ncnn_vulkan,101,Convolution:conv_64,ncnn,ncnn_layer,0.068155,0.000468,0.06703,0.06927,70,0.096528,97.305743
yolov8n,ncnn_vulkan,143,Concat:cat_15,ncnn,ncnn_layer,0.020582,0.00028,0.01974,0.02115,70,0.02915,99.786364
yolov8n,ncnn_vulkan,58,Reshape:reshape_130,ncnn,ncnn_layer,0.264116,0.000309,0.26339,0.26479,70,0.374067,89.363374
yolov8n,ncnn_vulkan,18,Concat:cat_16,ncnn,ncnn_layer,0.873776,0.000959,0.87224,0.87677,70,1.237528,56.356088
yolov8n,ncnn_vulkan,17,Slice:split_8,ncnn,ncnn_layer,0.902142,0.000726,0.90057,0.90422,70,1.277703,55.11856
yolov8n,ncnn_vulkan,9,Reshape:reshape_131,ncnn,ncnn_layer,1.574839,0.000432,1.57396,1.57594,70,2.230443,42.603641
yolov8n,ncnn_vulkan,35,Permute:transpose_134,ncnn,ncnn_layer,0.650609,0.000375,0.64974,0.65151,70,0.921457,73.318818
yolov8n,ncnn_vulkan,23,Softmax:softmax_1,ncnn,ncnn_layer,0.729459,0.0039,0.72135,0.73849,70,1.033132,61.645803
yolov8n,ncnn_vulkan,100,Convolution:conv_65,ncnn,ncnn_layer,0.072821,0.000606,0.07135,0.07484,70,0.103136,97.209215
yolov8n,ncnn_vulkan,47,Reshape:reshape_132,ncnn,ncnn_layer,0.520621,0.000301,0.51995,0.52141,70,0.737355,82.590567
yolov8n,ncnn_vulkan,63,Slice:chunk_0,ncnn,ncnn_layer,0.21464,0.000177,0.21427,0.215,70,0.303994,90.990429
yolov8n,ncnn_vulkan,91,BinaryOp:sub_6,ncnn,ncnn_layer,0.081257,0.000231,0.08068,0.08172,70,0.115084,96.23116
yolov8n,ncnn_vulkan,158,Split:splitncnn_20,ncnn,ncnn_layer,0.000341,2.4e-05,0.00031,0.00036,70,0.000483,99.991039
yolov8n,ncnn_vulkan,92,BinaryOp:add_7,ncnn,ncnn_layer,0.079915,0.000123,0.07964,0.08021,70,0.113184,96.344344
yolov8n,ncnn_vulkan,156,Split:splitncnn_21,ncnn,ncnn_layer,0.000345,2.3e-05,0.00031,0.00036,70,0.000489,99.990073
yolov8n,ncnn_vulkan,95,BinaryOp:add_8,ncnn,ncnn_layer,0.079478,0.000104,0.07927,0.07974,70,0.112565,96.683142
yolov8n,ncnn_vulkan,102,BinaryOp:div_9,ncnn,ncnn_layer,0.061911,9.1e-05,0.06172,0.06214,70,0.087684,97.393428
yolov8n,ncnn_vulkan,155,MemoryData:pnnx_99,ncnn,ncnn_layer,0.002799,0.000297,0.00255,0.00406,70,0.003964,99.989585
yolov8n,ncnn_vulkan,90,BinaryOp:sub_10,ncnn,ncnn_layer,0.083022,0.00024,0.08255,0.08375,70,0.117584,96.116076
yolov8n,ncnn_vulkan,62,Concat:cat_17,ncnn,ncnn_layer,0.215432,0.00034,0.21484,0.2163,70,0.305116,90.686435
yolov8n,ncnn_vulkan,89,Reshape:reshape_133,ncnn,ncnn_layer,0.092333,0.000192,0.09193,0.09271,70,0.130771,95.998492
yolov8n,ncnn_vulkan,70,BinaryOp:mul_11,ncnn,ncnn_layer,0.174347,0.000123,0.17406,0.17464,70,0.246927,92.919661
yolov8n,ncnn_vulkan,69,Sigmoid:sigmoid_0,ncnn,ncnn_layer,0.182278,0.001233,0.17875,0.18557,70,0.25816,92.672733
yolov8n,ncnn_vulkan,36,Concat:cat_18,ncnn,ncnn_layer,0.584008,0.000649,0.58245,0.58562,70,0.82713,74.145948
