co2_per_inference_mg,energy_per_inference_mj,error,final_class,mean_ms,memory_mb,model,model_size_mb,num_runs,p50_ms,p95_ms,p99_ms,power_avg_mw,power_max_mw,power_mode,runtime,source_path,status,status_reason,std_ms,total_co2_mg,total_energy_mj,dashboard_source,min_ms,max_ms,fps
0.767367,6018.563698,,measured,1267.3115,18.23,efficientnet_b0,20.33,200.0,1300.3402,1531.1095,1571.4299,4749.08,5079.0,MAXN,pytorch_cpu,results/clean_v2_20260512_131735/latency/MAXN/efficientnet_b0_pytorch_cpu,ok,ok,212.4369,153.4734,1203712.7397,clean_v2_without_tensorrt,,,
0.025437,199.507774,,measured,44.5687,30.94,efficientnet_b0,20.33,200.0,42.9161,49.9032,58.1406,4476.41,6090.0,MAXN,pytorch_cuda,results/clean_v2_20260512_131735/latency/MAXN/efficientnet_b0_pytorch_cuda,ok,ok,3.5969,5.0874,39901.5549,clean_v2_without_tensorrt,,,
,120.46411446910705,,measured,27.65945419311523,0.58,efficientnet_b0,25.22,,27.580988883972168,28.067350769042967,28.136436500549316,4355.26,6961.0,MAXN,tensorrt_fp32,/Users/hobongs/Desktop/HoBong_study/26-1/탄중/temp/jetson_nano_edgeai/my_results/tensorrt_only/latency/efficientnet_b0_10w_20260513_141129,ok,ok,0.1887488055916331,,,tensorrt_only,27.4364070892334,28.22197914123535,36.15
,122.41970774034634,,measured,22.38310781478882,0.58,efficientnet_b0,14.59,,22.25007724761963,22.68885707855225,24.614927005767832,5469.29,6785.0,MAXN,tensorrt_fp16,/Users/hobongs/Desktop/HoBong_study/26-1/탄중/temp/jetson_nano_edgeai/my_results/tensorrt_only/latency/efficientnet_b0_10w_20260513_141129,ok,ok,0.5180633086865084,,,tensorrt_only,22.141563415527344,26.77338600158691,44.68
,160.9963385864983,,measured,27.8030495262146,0.58,efficientnet_b0,24.22,,27.678489685058594,28.275645446777343,29.855746726989747,5790.6,6745.0,MAXN,tensorrt_int8,/Users/hobongs/Desktop/HoBong_study/26-1/탄중/temp/jetson_nano_edgeai/my_results/tensorrt_only/latency/efficientnet_b0_10w_20260513_141129,ok,ok,0.4250312145295674,,,tensorrt_only,27.49166679382324,30.244115829467773,35.97
0.023899,187.442228,,measured,39.5076,387.63,efficientnet_b0,20.16,200.0,39.3301,40.2599,40.4064,4744.46,7249.0,MAXN,onnxrt_cuda,results/clean_v2_20260512_131735/latency/MAXN/efficientnet_b0_onnxrt_cuda,ok,ok,0.3469,4.7798,37488.4456,clean_v2_without_tensorrt,,,
0.012503,98.065817,,measured,27.935,833.79,efficientnet_b0,20.16,200.0,27.6999,28.7144,30.7244,3510.5,6999.0,MAXN,onnxrt_trt,results/clean_v2_20260512_131735/latency/MAXN/efficientnet_b0_onnxrt_trt,ok,ok,0.5704,2.5007,19613.1635,clean_v2_without_tensorrt,,,
0.121151,950.206334,,measured,277.5719,46.24,efficientnet_b0,20.16,200.0,277.058,283.8336,288.3454,3423.28,3784.0,MAXN,tflite_cpu,results/clean_v2_20260512_131735/latency/MAXN/efficientnet_b0_tflite_cpu,ok,ok,3.8435,24.2303,190041.2668,clean_v2_without_tensorrt,,,
,,"tflite_gpu: Descriptors cannot be created directly.
If this call came from a _pb2.py file, your generated code is out of date and must be regenerated with protoc >= 3.19.0.
If you cannot immediately regenerate your protos, some other possible workarounds are:
 1. Downgrade the protobuf package to 3.20.x or lower.
 2. Set PROTOCOL_BUFFERS_PYTHON_IMPLEMENTATION=python (but this will use pure-Python parsing and will be much slower).

More information: https://developers.google.com/protocol-buffers/docs/news/2022-05-06#python-updates",error,,,efficientnet_b0,,,,,,2636.33,2844.0,MAXN,tflite_gpu,results/clean_v2_20260512_131735/latency/MAXN/efficientnet_b0_tflite_gpu,error,runtime_error,,,,clean_v2_without_tensorrt,,,
0.041547,325.860662,,measured,63.1808,24.27,efficientnet_b0,20.09,200.0,60.0256,71.0135,73.359,5157.59,5325.0,MAXN,ncnn_cpu,results/clean_v2_20260512_131735/latency/MAXN/efficientnet_b0_ncnn_cpu,ok,ok,8.2189,8.3094,65172.1325,clean_v2_without_tensorrt,,,
0.011764,92.263738,,measured,23.2369,2.46,efficientnet_b0,20.09,200.0,22.9699,24.945,26.8533,3970.57,5277.0,MAXN,ncnn_vulkan,results/clean_v2_20260512_131735/latency/MAXN/efficientnet_b0_ncnn_vulkan,ok,ok,0.7591,2.3527,18452.7476,clean_v2_without_tensorrt,,,
0.512374,4018.622227,,measured,1618.976,22.34,efficientnet_b0,20.33,200.0,1557.3427,2127.849,2252.4783,2482.2,2714.0,5W,pytorch_cpu,results/clean_v2_20260512_131735/latency/5W/efficientnet_b0_pytorch_cpu,ok,ok,285.408,102.4749,803724.4454,clean_v2_without_tensorrt,,,
0.025576,200.59263,,measured,71.5942,30.94,efficientnet_b0,20.33,200.0,72.8642,82.9681,94.7248,2801.8,3778.0,5W,pytorch_cuda,results/clean_v2_20260512_131735/latency/5W/efficientnet_b0_pytorch_cuda,ok,ok,6.0041,5.1151,40118.5259,clean_v2_without_tensorrt,,,
,125.4380238885727,,measured,39.25704124450684,0.58,efficientnet_b0,25.22,,38.92093849182129,39.82065258026123,45.38867504119874,3195.3,4563.0,5W,tensorrt_fp32,/Users/hobongs/Desktop/HoBong_study/26-1/탄중/temp/jetson_nano_edgeai/my_results/tensorrt_only/latency/efficientnet_b0_5w_20260513_141419,ok,ok,1.2139353811311493,,,tensorrt_only,38.65213394165039,46.995155334472656,25.47
,128.37123561126708,,measured,31.556350936889647,0.58,efficientnet_b0,14.59,,31.389166831970215,31.892493438720702,35.06877536773682,4068.0,4596.0,5W,tensorrt_fp16,/Users/hobongs/Desktop/HoBong_study/26-1/탄중/temp/jetson_nano_edgeai/my_results/tensorrt_only/latency/efficientnet_b0_5w_20260513_141419,ok,ok,0.6357957999834692,,,tensorrt_only,31.184375762939453,36.1900520324707,31.69
,161.9358657623001,,measured,39.757595176696775,0.58,efficientnet_b0,24.22,,39.025339126586914,44.34711837768555,50.60855216979982,4073.08,4717.0,5W,tensorrt_int8,/Users/hobongs/Desktop/HoBong_study/26-1/탄중/temp/jetson_nano_edgeai/my_results/tensorrt_only/latency/efficientnet_b0_5w_20260513_141419,ok,ok,2.2706354503194226,,,tensorrt_only,38.735939025878906,54.51286315917969,25.15
0.021296,167.029596,,measured,53.7747,382.82,efficientnet_b0,20.16,200.0,53.7536,53.8641,54.1669,3106.1,4326.0,5W,onnxrt_cuda,results/clean_v2_20260512_131735/latency/5W/efficientnet_b0_onnxrt_cuda,ok,ok,0.1917,4.2593,33405.9191,clean_v2_without_tensorrt,,,
0.012018,94.261304,,measured,39.0599,763.39,efficientnet_b0,20.16,200.0,39.0372,39.2345,39.4856,2413.25,4253.0,5W,onnxrt_trt,results/clean_v2_20260512_131735/latency/5W/efficientnet_b0_onnxrt_trt,ok,ok,0.1189,2.4037,18852.2607,clean_v2_without_tensorrt,,,
0.141518,1109.944099,,measured,453.5234,45.95,efficientnet_b0,20.16,200.0,451.6942,464.5245,503.3315,2447.38,2641.0,5W,tflite_cpu,results/clean_v2_20260512_131735/latency/5W/efficientnet_b0_tflite_cpu,ok,ok,9.0721,28.3036,221988.8197,clean_v2_without_tensorrt,,,
,,"tflite_gpu: Descriptors cannot be created directly.
If this call came from a _pb2.py file, your generated code is out of date and must be regenerated with protoc >= 3.19.0.
If you cannot immediately regenerate your protos, some other possible workarounds are:
 1. Downgrade the protobuf package to 3.20.x or lower.
 2. Set PROTOCOL_BUFFERS_PYTHON_IMPLEMENTATION=python (but this will use pure-Python parsing and will be much slower).

More information: https://developers.google.com/protocol-buffers/docs/news/2022-05-06#python-updates",error,,,efficientnet_b0,,,,,,2164.8,2245.0,5W,tflite_gpu,results/clean_v2_20260512_131735/latency/5W/efficientnet_b0_tflite_gpu,error,runtime_error,,,,clean_v2_without_tensorrt,,,
0.052602,412.563907,,measured,149.8603,24.39,efficientnet_b0,20.09,200.0,147.407,154.4414,199.3021,2752.99,2844.0,5W,ncnn_cpu,results/clean_v2_20260512_131735/latency/5W/efficientnet_b0_ncnn_cpu,ok,ok,10.1961,10.5204,82512.7815,clean_v2_without_tensorrt,,,
0.012575,98.624216,,measured,32.6024,2.38,efficientnet_b0,20.09,200.0,32.5847,32.7521,32.9002,3025.06,3357.0,5W,ncnn_vulkan,results/clean_v2_20260512_131735/latency/5W/efficientnet_b0_ncnn_vulkan,ok,ok,0.2184,2.5149,19724.8432,clean_v2_without_tensorrt,,,
0.20685,1622.354659,,measured,348.1388,13.34,mobilenetv3_small,9.75,200.0,376.358,430.7702,456.5739,4660.08,4920.0,MAXN,pytorch_cpu,results/clean_v2_20260512_131735/latency/MAXN/mobilenetv3_small_pytorch_cpu,ok,ok,83.3253,41.37,324470.9318,clean_v2_without_tensorrt,,,
0.013798,108.216598,,measured,27.7524,12.29,mobilenetv3_small,9.75,200.0,26.8266,32.2764,34.3787,3899.36,4840.0,MAXN,pytorch_cuda,results/clean_v2_20260512_131735/latency/MAXN/mobilenetv3_small_pytorch_cuda,ok,ok,2.1376,2.7595,21643.3197,clean_v2_without_tensorrt,,,
,27.19523917396345,,measured,7.180943713188172,0.58,mobilenetv3_small,11.94,,6.995910882949829,8.138510608673096,9.537301092147835,3787.14,6130.0,MAXN,tensorrt_fp32,/Users/hobongs/Desktop/HoBong_study/26-1/탄중/temp/jetson_nano_edgeai/my_results/tensorrt_only/latency/mobilenetv3_small_10w_20260513_135950,ok,ok,0.5822316762834486,,,tensorrt_only,6.877552032470703,11.183124542236328,139.26
,36.68555779159069,,measured,8.385270352363586,0.58,mobilenetv3_small,6.78,,9.085311889648438,11.118411684036255,11.950965490341192,4375.0,4983.0,MAXN,tensorrt_fp16,/Users/hobongs/Desktop/HoBong_study/26-1/탄중/temp/jetson_nano_edgeai/my_results/tensorrt_only/latency/mobilenetv3_small_10w_20260513_135950,ok,ok,1.684343110240198,,,tensorrt_only,5.766302108764648,12.825103759765623,119.26
,35.757617534136635,,measured,7.163457827568054,0.58,mobilenetv3_small,12.24,,7.091197490692139,7.468815803527832,7.707514128685004,4991.67,6100.0,MAXN,tensorrt_int8,/Users/hobongs/Desktop/HoBong_study/26-1/탄중/temp/jetson_nano_edgeai/my_results/tensorrt_only/latency/mobilenetv3_small_10w_20260513_135950,ok,ok,0.214614220580435,,,tensorrt_only,6.997499942779541,8.827812194824219,139.6
0.0052,40.784924,,measured,11.1433,388.38,mobilenetv3_small,9.71,200.0,10.9088,12.8202,15.1304,3660.04,5855.0,MAXN,onnxrt_cuda,results/clean_v2_20260512_131735/latency/MAXN/mobilenetv3_small_onnxrt_cuda,ok,ok,0.9092,1.04,8156.9847,clean_v2_without_tensorrt,,,
0.002865,22.473377,,measured,7.2151,986.35,mobilenetv3_small,9.71,200.0,7.118,7.6252,9.3285,3114.77,5697.0,MAXN,onnxrt_trt,results/clean_v2_20260512_131735/latency/MAXN/mobilenetv3_small_onnxrt_trt,ok,ok,0.3617,0.5731,4494.6754,clean_v2_without_tensorrt,,,
0.027141,212.872046,,measured,63.3893,16.38,mobilenetv3_small,11.99,200.0,62.3677,67.9283,70.5376,3358.17,3778.0,MAXN,tflite_cpu,results/clean_v2_20260512_131735/latency/MAXN/mobilenetv3_small_tflite_cpu,ok,ok,2.3581,5.4282,42574.4091,clean_v2_without_tensorrt,,,
,,"tflite_gpu: Descriptors cannot be created directly.
If this call came from a _pb2.py file, your generated code is out of date and must be regenerated with protoc >= 3.19.0.
If you cannot immediately regenerate your protos, some other possible workarounds are:
 1. Downgrade the protobuf package to 3.20.x or lower.
 2. Set PROTOCOL_BUFFERS_PYTHON_IMPLEMENTATION=python (but this will use pure-Python parsing and will be much slower).

More information: https://developers.google.com/protocol-buffers/docs/news/2022-05-06#python-updates",error,,,mobilenetv3_small,,,,,,2411.5,2637.0,MAXN,tflite_gpu,results/clean_v2_20260512_131735/latency/MAXN/mobilenetv3_small_tflite_gpu,error,runtime_error,,,,clean_v2_without_tensorrt,,,
0.005345,41.917678,,measured,9.8306,3.96,mobilenetv3_small,9.68,200.0,8.8947,14.1887,21.0129,4264.0,5141.0,MAXN,ncnn_cpu,results/clean_v2_20260512_131735/latency/MAXN/mobilenetv3_small_ncnn_cpu,ok,ok,4.5183,1.0689,8383.5357,clean_v2_without_tensorrt,,,
0.002799,21.951286,,measured,7.2664,2.17,mobilenetv3_small,9.68,200.0,7.1491,7.5446,9.8466,3020.93,4280.0,MAXN,ncnn_vulkan,results/clean_v2_20260512_131735/latency/MAXN/mobilenetv3_small_ncnn_vulkan,ok,ok,0.4201,0.5598,4390.2572,clean_v2_without_tensorrt,,,
0.150697,1181.938786,,measured,474.3199,11.39,mobilenetv3_small,9.75,200.0,466.3456,679.5694,705.2472,2491.86,2790.0,5W,pytorch_cpu,results/clean_v2_20260512_131735/latency/5W/mobilenetv3_small_pytorch_cpu,ok,ok,132.7491,30.1394,236387.7572,clean_v2_without_tensorrt,,,
0.016367,128.366957,,measured,51.1192,12.29,mobilenetv3_small,9.75,200.0,48.6508,58.3514,65.7213,2511.13,3033.0,5W,pytorch_cuda,results/clean_v2_20260512_131735/latency/5W/mobilenetv3_small_pytorch_cuda,ok,ok,4.5981,3.2734,25673.3913,clean_v2_without_tensorrt,,,
,28.63616435437775,,measured,10.313206329345704,0.58,mobilenetv3_small,11.94,,10.005000114440918,12.4054461479187,14.177661647796636,2776.65,4085.0,5W,tensorrt_fp32,/Users/hobongs/Desktop/HoBong_study/26-1/탄중/temp/jetson_nano_edgeai/my_results/tensorrt_only/latency/mobilenetv3_small_5w_20260513_140233,ok,ok,1.0084244589940352,,,tensorrt_only,9.2798433303833,14.807188034057615,96.96
,44.14773241345214,,measured,14.526103057861327,0.58,mobilenetv3_small,6.78,,14.393749713897703,17.887793922424315,18.970901641845717,3039.2,3413.0,5W,tensorrt_fp16,/Users/hobongs/Desktop/HoBong_study/26-1/탄중/temp/jetson_nano_edgeai/my_results/tensorrt_only/latency/mobilenetv3_small_5w_20260513_140233,ok,ok,1.8269267540007652,,,tensorrt_only,9.7485933303833,21.689844131469727,68.84
,35.30973052318954,,measured,9.717374038696288,0.58,mobilenetv3_small,12.24,,9.53880214691162,10.43432354927063,12.525897216796878,3633.67,4159.0,5W,tensorrt_int8,/Users/hobongs/Desktop/HoBong_study/26-1/탄중/temp/jetson_nano_edgeai/my_results/tensorrt_only/latency/mobilenetv3_small_5w_20260513_140233,ok,ok,0.6132502295673131,,,tensorrt_only,9.433177947998049,13.217968940734863,102.91
0.007485,58.705699,,measured,21.5987,388.56,mobilenetv3_small,9.71,200.0,21.144,25.5648,26.5893,2718.02,3737.0,5W,onnxrt_cuda,results/clean_v2_20260512_131735/latency/5W/mobilenetv3_small_onnxrt_cuda,ok,ok,1.7102,1.497,11741.1397,clean_v2_without_tensorrt,,,
0.003646,28.595537,,measured,12.1605,990.95,mobilenetv3_small,9.71,200.0,11.9007,15.2515,16.5154,2351.51,3846.0,5W,onnxrt_trt,results/clean_v2_20260512_131735/latency/5W/mobilenetv3_small_onnxrt_trt,ok,ok,2.3808,0.7292,5719.1075,clean_v2_without_tensorrt,,,
0.033577,263.346493,,measured,107.5125,18.99,mobilenetv3_small,11.99,200.0,106.5851,117.8272,130.8605,2449.45,2600.0,5W,tflite_cpu,results/clean_v2_20260512_131735/latency/5W/mobilenetv3_small_tflite_cpu,ok,ok,7.8663,6.7153,52669.2986,clean_v2_without_tensorrt,,,
,,"tflite_gpu: Descriptors cannot be created directly.
If this call came from a _pb2.py file, your generated code is out of date and must be regenerated with protoc >= 3.19.0.
If you cannot immediately regenerate your protos, some other possible workarounds are:
 1. Downgrade the protobuf package to 3.20.x or lower.
 2. Set PROTOCOL_BUFFERS_PYTHON_IMPLEMENTATION=python (but this will use pure-Python parsing and will be much slower).

More information: https://developers.google.com/protocol-buffers/docs/news/2022-05-06#python-updates",error,,,mobilenetv3_small,,,,,,2287.33,2360.0,5W,tflite_gpu,results/clean_v2_20260512_131735/latency/5W/mobilenetv3_small_tflite_gpu,error,runtime_error,,,,clean_v2_without_tensorrt,,,
0.007418,58.177551,,measured,21.6849,4.48,mobilenetv3_small,9.68,200.0,19.7256,36.3418,38.2538,2682.86,2840.0,5W,ncnn_cpu,results/clean_v2_20260512_131735/latency/5W/mobilenetv3_small_ncnn_cpu,ok,ok,5.2947,1.4835,11635.5102,clean_v2_without_tensorrt,,,
0.003341,26.207048,,measured,10.6258,2.03,mobilenetv3_small,9.68,200.0,10.4065,11.9088,14.5962,2466.36,2997.0,5W,ncnn_vulkan,results/clean_v2_20260512_131735/latency/5W/mobilenetv3_small_ncnn_vulkan,ok,ok,0.8084,0.6683,5241.4096,clean_v2_without_tensorrt,,,
0.518327,4065.307259,,measured,762.1527,21.02,resnet50,97.7,200.0,764.2314,825.221,842.9892,5333.98,5607.0,MAXN,pytorch_cpu,results/clean_v2_20260512_131735/latency/MAXN/resnet50_pytorch_cpu,ok,ok,36.687,103.6653,813061.4517,clean_v2_without_tensorrt,,,
0.061128,479.435228,,measured,90.2361,125.64,resnet50,97.7,200.0,90.2083,91.088,92.1425,5313.12,8423.0,MAXN,pytorch_cuda,results/clean_v2_20260512_131735/latency/MAXN/resnet50_pytorch_cuda,ok,ok,0.6651,12.2256,95887.0455,clean_v2_without_tensorrt,,,
,292.14066044029533,,measured,55.45191680908203,0.58,resnet50,121.75,,55.38414001464844,55.93210010528564,56.055555152893064,5268.36,7608.0,MAXN,tensorrt_fp32,/Users/hobongs/Desktop/HoBong_study/26-1/탄중/temp/jetson_nano_edgeai/my_results/tensorrt_only/latency/resnet50_10w_20260513_140522,ok,ok,0.2687093060025633,,,tensorrt_only,54.88677215576172,56.095001220703125,18.03
,167.67742113112928,,measured,30.026739597320557,0.58,resnet50,61.14,,29.956249237060547,30.4209659576416,30.64859191894532,5584.27,7305.0,MAXN,tensorrt_fp16,/Users/hobongs/Desktop/HoBong_study/26-1/탄중/temp/jetson_nano_edgeai/my_results/tensorrt_only/latency/resnet50_10w_20260513_140522,ok,ok,0.2351828539865972,,,tensorrt_only,29.671667098999023,31.4012508392334,33.3
,342.98990350877074,,measured,54.63084129333496,0.58,resnet50,115.83,,54.56354331970215,55.14826583862305,55.33872745513917,6278.32,7753.0,MAXN,tensorrt_int8,/Users/hobongs/Desktop/HoBong_study/26-1/탄중/temp/jetson_nano_edgeai/my_results/tensorrt_only/latency/resnet50_10w_20260513_140522,ok,ok,0.3855843662993039,,,tensorrt_only,54.10604095458984,57.17729187011719,18.3
0.37644,2952.46757,,measured,513.2459,391.41,resnet50,97.41,200.0,512.9556,516.4848,520.4068,5752.54,6865.0,MAXN,onnxrt_cuda,results/clean_v2_20260512_131735/latency/MAXN/resnet50_onnxrt_cuda,ok,ok,1.8991,75.2879,590493.5139,clean_v2_without_tensorrt,,,
0.031224,244.897221,,measured,54.7539,651.16,resnet50,97.41,200.0,54.6402,55.4835,55.683,4472.69,7510.0,MAXN,onnxrt_trt,results/clean_v2_20260512_131735/latency/MAXN/resnet50_onnxrt_trt,ok,ok,0.3999,6.2449,48979.4442,clean_v2_without_tensorrt,,,
0.3199,2509.018894,,measured,552.9043,196.38,resnet50,97.43,200.0,549.9915,568.6152,602.9788,4537.89,4760.0,MAXN,tflite_cpu,results/clean_v2_20260512_131735/latency/MAXN/resnet50_tflite_cpu,ok,ok,17.3174,63.98,501803.7788,clean_v2_without_tensorrt,,,
,,"tflite_gpu: Descriptors cannot be created directly.
If this call came from a _pb2.py file, your generated code is out of date and must be regenerated with protoc >= 3.19.0.
If you cannot immediately regenerate your protos, some other possible workarounds are:
 1. Downgrade the protobuf package to 3.20.x or lower.
 2. Set PROTOCOL_BUFFERS_PYTHON_IMPLEMENTATION=python (but this will use pure-Python parsing and will be much slower).

More information: https://developers.google.com/protocol-buffers/docs/news/2022-05-06#python-updates",error,,,resnet50,,,,,,2465.33,2605.0,MAXN,tflite_gpu,results/clean_v2_20260512_131735/latency/MAXN/resnet50_tflite_gpu,error,runtime_error,,,,clean_v2_without_tensorrt,,,
0.169499,1329.40664,,measured,242.7701,11.86,resnet50,97.39,200.0,240.1211,253.3274,302.9185,5475.99,5713.0,MAXN,ncnn_cpu,results/clean_v2_20260512_131735/latency/MAXN/resnet50_ncnn_cpu,ok,ok,13.1175,33.8999,265881.328,clean_v2_without_tensorrt,,,
0.059644,467.798374,,measured,91.7437,1.65,resnet50,97.39,200.0,91.7234,92.4823,93.9071,5098.97,6523.0,MAXN,ncnn_vulkan,results/clean_v2_20260512_131735/latency/MAXN/resnet50_ncnn_vulkan,ok,ok,0.5798,11.9289,93559.6748,clean_v2_without_tensorrt,,,
0.654594,5134.072248,,measured,1870.4927,24.42,resnet50,97.7,200.0,1865.3313,1964.9669,2017.126,2744.77,2912.0,5W,pytorch_cpu,results/clean_v2_20260512_131735/latency/5W/resnet50_pytorch_cpu,ok,ok,64.9888,130.9188,1026814.4496,clean_v2_without_tensorrt,,,
0.053673,420.964916,,measured,125.0999,125.64,resnet50,97.7,200.0,123.7422,130.2257,137.2161,3365.03,5212.0,5W,pytorch_cuda,results/clean_v2_20260512_131735/latency/5W/resnet50_pytorch_cuda,ok,ok,7.1082,10.7346,84192.9833,clean_v2_without_tensorrt,,,
,297.232589031723,,measured,79.16491477966309,0.58,resnet50,121.75,,79.10153579711914,79.6591079711914,79.97282554626467,3754.6,4943.0,5W,tensorrt_fp32,/Users/hobongs/Desktop/HoBong_study/26-1/탄중/temp/jetson_nano_edgeai/my_results/tensorrt_only/latency/resnet50_5w_20260513_140821,ok,ok,0.72378797061277,,,tensorrt_only,78.38802337646484,85.59474182128906,12.63
,183.62542165531843,,measured,43.24811031341553,0.58,resnet50,61.14,,43.05567741394043,43.81516571044922,47.70521179199219,4245.86,4677.0,5W,tensorrt_fp16,/Users/hobongs/Desktop/HoBong_study/26-1/탄중/temp/jetson_nano_edgeai/my_results/tensorrt_only/latency/resnet50_5w_20260513_140821,ok,ok,0.770570946885763,,,tensorrt_only,42.65073013305664,48.24187469482422,23.12
,348.6241690601234,,measured,78.79206733703613,0.58,resnet50,115.83,,78.58806991577148,79.12075653076172,83.37752319335942,4424.61,4951.0,5W,tensorrt_int8,/Users/hobongs/Desktop/HoBong_study/26-1/탄중/temp/jetson_nano_edgeai/my_results/tensorrt_only/latency/resnet50_5w_20260513_140821,ok,ok,1.5521673990378744,,,tensorrt_only,77.94234466552734,93.27489471435548,12.69
0.302646,2373.692586,,measured,645.7569,391.64,resnet50,97.41,200.0,645.0931,650.4729,652.9316,3675.83,4538.0,5W,onnxrt_cuda,results/clean_v2_20260512_131735/latency/5W/resnet50_onnxrt_cuda,ok,ok,1.8062,60.5292,474738.5171,clean_v2_without_tensorrt,,,
0.031982,250.837257,,measured,79.2332,681.11,resnet50,97.41,200.0,78.8426,82.3696,83.6819,3165.81,4769.0,5W,onnxrt_trt,results/clean_v2_20260512_131735/latency/5W/resnet50_onnxrt_trt,ok,ok,1.2721,6.3964,50167.4514,clean_v2_without_tensorrt,,,
0.493621,3871.536785,,measured,1466.9802,198.24,resnet50,97.43,200.0,1459.8657,1522.7661,1550.7628,2639.12,2912.0,5W,tflite_cpu,results/clean_v2_20260512_131735/latency/5W/resnet50_tflite_cpu,ok,ok,27.8836,98.7242,774307.3571,clean_v2_without_tensorrt,,,
,,"tflite_gpu: Descriptors cannot be created directly.
If this call came from a _pb2.py file, your generated code is out of date and must be regenerated with protoc >= 3.19.0.
If you cannot immediately regenerate your protos, some other possible workarounds are:
 1. Downgrade the protobuf package to 3.20.x or lower.
 2. Set PROTOCOL_BUFFERS_PYTHON_IMPLEMENTATION=python (but this will use pure-Python parsing and will be much slower).

More information: https://developers.google.com/protocol-buffers/docs/news/2022-05-06#python-updates",error,,,resnet50,,,,,,2266.0,2438.0,5W,tflite_gpu,results/clean_v2_20260512_131735/latency/5W/resnet50_tflite_gpu,error,runtime_error,,,,clean_v2_without_tensorrt,,,
0.377869,2963.680771,,measured,952.3457,12.12,resnet50,97.39,200.0,846.7708,1590.2119,1810.9589,3111.98,3514.0,5W,ncnn_cpu,results/clean_v2_20260512_131735/latency/5W/resnet50_ncnn_cpu,ok,ok,360.0332,75.5739,592736.1543,clean_v2_without_tensorrt,,,
0.060192,472.094098,,measured,133.6423,1.77,resnet50,97.39,200.0,133.5166,134.4607,134.6503,3532.52,4080.0,5W,ncnn_vulkan,results/clean_v2_20260512_131735/latency/5W/resnet50_ncnn_vulkan,ok,ok,0.3719,12.0384,94418.8195,clean_v2_without_tensorrt,,,
0.215751,1692.161748,,measured,363.3572,13.8,shufflenet_v2_x1_0,8.75,200.0,394.4917,424.636,457.1913,4657.02,4912.0,MAXN,pytorch_cpu,results/clean_v2_20260512_131735/latency/MAXN/shufflenet_v2_x1_0_pytorch_cpu,ok,ok,66.8335,43.1501,338432.3495,clean_v2_without_tensorrt,,,
0.015231,119.456713,,measured,30.7417,11.7,shufflenet_v2_x1_0,8.75,200.0,29.8055,34.8427,39.2838,3885.82,4864.0,MAXN,pytorch_cuda,results/clean_v2_20260512_131735/latency/MAXN/shufflenet_v2_x1_0_pytorch_cuda,ok,ok,2.2414,3.0461,23891.3425,clean_v2_without_tensorrt,,,
,29.9142330078475,,measured,8.292624464035034,0.58,shufflenet_v2_x1_0,9.17,,8.175755023956299,8.448867177963256,10.69030818939209,3607.33,6369.0,MAXN,tensorrt_fp32,/Users/hobongs/Desktop/HoBong_study/26-1/탄중/temp/jetson_nano_edgeai/my_results/tensorrt_only/latency/shufflenet_v2_x1_0_10w_20260513_141718,ok,ok,0.4441776814349414,,,tensorrt_only,8.096405982971191,10.736249923706056,120.59
,47.573995316476825,,measured,7.516826562881469,0.58,shufflenet_v2_x1_0,5.35,,7.335546970367432,8.128719234466553,9.120629110336305,6329.0,6518.0,MAXN,tensorrt_fp16,/Users/hobongs/Desktop/HoBong_study/26-1/탄중/temp/jetson_nano_edgeai/my_results/tensorrt_only/latency/shufflenet_v2_x1_0_10w_20260513_141718,ok,ok,0.3886927420544283,,,tensorrt_only,7.237343788146973,9.456250190734863,133.03
,37.70499115336418,,measured,8.068690595626832,0.58,shufflenet_v2_x1_0,9.25,,7.947370529174805,8.605494260787964,10.731841325759888,4673.0,6488.0,MAXN,tensorrt_int8,/Users/hobongs/Desktop/HoBong_study/26-1/탄중/temp/jetson_nano_edgeai/my_results/tensorrt_only/latency/shufflenet_v2_x1_0_10w_20260513_141718,ok,ok,0.4592259800146395,,,tensorrt_only,7.859896183013916,10.903697967529297,123.94
0.007661,60.088389,,measured,15.9613,389.37,shufflenet_v2_x1_0,8.82,200.0,15.5937,19.2589,20.2103,3764.63,5396.0,MAXN,onnxrt_cuda,results/clean_v2_20260512_131735/latency/MAXN/shufflenet_v2_x1_0_onnxrt_cuda,ok,ok,1.178,1.5323,12017.6778,clean_v2_without_tensorrt,,,
0.003846,30.163064,,measured,8.8082,979.91,shufflenet_v2_x1_0,8.82,200.0,8.636,9.1711,11.6134,3424.43,5924.0,MAXN,onnxrt_trt,results/clean_v2_20260512_131735/latency/MAXN/shufflenet_v2_x1_0_onnxrt_trt,ok,ok,0.5497,0.7692,6032.6129,clean_v2_without_tensorrt,,,
,,file missing,na,,,shufflenet_v2_x1_0,,,,,,,,MAXN,tflite_cpu,results/clean_v2_20260512_131735/latency/MAXN/shufflenet_v2_x1_0_tflite_cpu,na,file_missing,,,,clean_v2_without_tensorrt,,,
,,file missing,na,,,shufflenet_v2_x1_0,,,,,,,,MAXN,tflite_gpu,results/clean_v2_20260512_131735/latency/MAXN/shufflenet_v2_x1_0_tflite_gpu,na,file_missing,,,,clean_v2_without_tensorrt,,,
0.011471,89.969457,,measured,19.0883,4.18,shufflenet_v2_x1_0,8.66,200.0,17.8498,28.4578,31.2269,4713.33,5291.0,MAXN,ncnn_cpu,results/clean_v2_20260512_131735/latency/MAXN/shufflenet_v2_x1_0_ncnn_cpu,ok,ok,4.6298,2.2942,17993.8914,clean_v2_without_tensorrt,,,
0.004925,38.630464,,measured,11.1611,2.16,shufflenet_v2_x1_0,8.66,200.0,11.0351,11.9498,12.2483,3461.17,4848.0,MAXN,ncnn_vulkan,results/clean_v2_20260512_131735/latency/MAXN/shufflenet_v2_x1_0_ncnn_vulkan,ok,ok,0.3534,0.9851,7726.0929,clean_v2_without_tensorrt,,,
0.136955,1074.155668,,measured,437.2868,10.27,shufflenet_v2_x1_0,8.75,200.0,448.9422,617.5768,672.8546,2456.41,2564.0,5W,pytorch_cpu,results/clean_v2_20260512_131735/latency/5W/shufflenet_v2_x1_0_pytorch_cpu,ok,ok,132.7539,27.391,214831.1337,clean_v2_without_tensorrt,,,
0.015144,118.774953,,measured,47.106,11.7,shufflenet_v2_x1_0,8.75,200.0,45.742,56.3033,68.5986,2521.44,3200.0,5W,pytorch_cuda,results/clean_v2_20260512_131735/latency/5W/shufflenet_v2_x1_0_pytorch_cuda,ok,ok,4.4685,3.0288,23754.9905,clean_v2_without_tensorrt,,,
,45.234637562460314,,measured,16.367538051605223,0.58,shufflenet_v2_x1_0,9.17,,15.611119747161863,25.642774677276584,40.02001132965091,2763.68,4247.0,5W,tensorrt_fp32,/Users/hobongs/Desktop/HoBong_study/26-1/탄중/temp/jetson_nano_edgeai/my_results/tensorrt_only/latency/shufflenet_v2_x1_0_5w_20260513_142001,ok,ok,5.970026082766562,,,tensorrt_only,11.226353645324709,47.116092681884766,61.1
,42.99671059349775,,measured,11.909621381759644,0.58,shufflenet_v2_x1_0,5.35,,11.740365028381348,14.19049458503723,15.252344608306888,3610.25,4287.0,5W,tensorrt_fp16,/Users/hobongs/Desktop/HoBong_study/26-1/탄중/temp/jetson_nano_edgeai/my_results/tensorrt_only/latency/shufflenet_v2_x1_0_5w_20260513_142001,ok,ok,1.069060839838255,,,tensorrt_only,10.264165878295898,15.54630184173584,83.97
,41.75793010628281,,measured,11.781614608764649,0.58,shufflenet_v2_x1_0,9.25,,11.55718755722046,13.842484283447265,16.752732486724863,3544.33,4132.0,5W,tensorrt_int8,/Users/hobongs/Desktop/HoBong_study/26-1/탄중/temp/jetson_nano_edgeai/my_results/tensorrt_only/latency/shufflenet_v2_x1_0_5w_20260513_142001,ok,ok,1.189658129008023,,,tensorrt_only,10.982239723205566,18.66812515258789,84.88
0.009455,74.159754,,measured,27.6403,390.51,shufflenet_v2_x1_0,8.82,200.0,28.9622,29.5733,30.9987,2683.03,3432.0,5W,onnxrt_cuda,results/clean_v2_20260512_131735/latency/5W/shufflenet_v2_x1_0_onnxrt_cuda,ok,ok,2.7203,1.8911,14831.9508,clean_v2_without_tensorrt,,,
0.003683,28.888916,,measured,12.1023,981.59,shufflenet_v2_x1_0,8.82,200.0,11.8015,12.8138,13.2948,2387.06,3784.0,5W,onnxrt_trt,results/clean_v2_20260512_131735/latency/5W/shufflenet_v2_x1_0_onnxrt_trt,ok,ok,0.5249,0.7367,5777.7832,clean_v2_without_tensorrt,,,
,,file missing,na,,,shufflenet_v2_x1_0,,,,,,,,5W,tflite_cpu,results/clean_v2_20260512_131735/latency/5W/shufflenet_v2_x1_0_tflite_cpu,na,file_missing,,,,clean_v2_without_tensorrt,,,
,,file missing,na,,,shufflenet_v2_x1_0,,,,,,,,5W,tflite_gpu,results/clean_v2_20260512_131735/latency/5W/shufflenet_v2_x1_0_tflite_gpu,na,file_missing,,,,clean_v2_without_tensorrt,,,
0.014292,112.091031,,measured,41.0432,3.96,shufflenet_v2_x1_0,8.66,200.0,40.2381,46.1273,46.6525,2731.05,2763.0,5W,ncnn_cpu,results/clean_v2_20260512_131735/latency/5W/shufflenet_v2_x1_0_ncnn_cpu,ok,ok,2.3063,2.8583,22418.2063,clean_v2_without_tensorrt,,,
0.005501,43.147362,,measured,15.8368,2.26,shufflenet_v2_x1_0,8.66,200.0,15.7765,15.9611,17.916,2724.5,3397.0,5W,ncnn_vulkan,results/clean_v2_20260512_131735/latency/5W/shufflenet_v2_x1_0_ncnn_vulkan,ok,ok,0.3292,1.1003,8629.4723,clean_v2_without_tensorrt,,,
0.838531,6576.711205,,measured,1300.0973,48.0,ssd_mobilenet_v2,23.5,200.0,1297.2657,1591.6887,1628.1947,5058.63,5520.0,MAXN,pytorch_cpu,results/clean_v2_20260512_131735/latency/MAXN/ssd_mobilenet_v2_pytorch_cpu.json,ok,ok,215.1482,167.7061,1315342.2409,clean_v2_without_tensorrt,,,
0.035973,282.142081,,measured,59.1074,467.0,ssd_mobilenet_v2,23.5,200.0,58.0404,61.358,64.0544,4773.38,7202.0,MAXN,pytorch_cuda,results/clean_v2_20260512_131735/latency/MAXN/ssd_mobilenet_v2_pytorch_cuda.json,ok,ok,1.685,7.1946,56428.4162,clean_v2_without_tensorrt,,,
,118.84963023132592,,measured,26.14849802017212,1.87,ssd_mobilenet_v2,24.49,,26.0371618270874,26.549287414550783,26.91061237335206,4545.18,7130.0,MAXN,tensorrt_fp32,/Users/hobongs/Desktop/HoBong_study/26-1/탄중/temp/jetson_nano_edgeai/my_results/tensorrt_only/latency/ssd_mobilenet_v2_10w_20260513_142925,ok,ok,0.3262066451750077,,,tensorrt_only,25.87010383605957,28.548906326293945,38.24
,144.186720159795,,measured,23.549647483825684,1.87,ssd_mobilenet_v2,13.57,,23.432394981384277,23.908992290496823,24.03633237838746,6122.67,6745.0,MAXN,tensorrt_fp16,/Users/hobongs/Desktop/HoBong_study/26-1/탄중/temp/jetson_nano_edgeai/my_results/tensorrt_only/latency/ssd_mobilenet_v2_10w_20260513_142925,ok,ok,0.3132198284280072,,,tensorrt_only,23.31557273864746,26.02442741394043,42.46
,150.73671454401017,,measured,26.01151243209839,1.87,ssd_mobilenet_v2,23.67,,25.924062728881836,26.40172595977783,26.45916799545288,5795.0,6864.0,MAXN,tensorrt_int8,/Users/hobongs/Desktop/HoBong_study/26-1/탄중/temp/jetson_nano_edgeai/my_results/tensorrt_only/latency/ssd_mobilenet_v2_10w_20260513_142925,ok,ok,0.1904239163685879,,,tensorrt_only,25.780208587646484,26.500572204589844,38.44
0.03878,304.153749,,measured,58.7403,116.0,ssd_mobilenet_v2,23.23,200.0,58.7386,58.9822,59.2265,5177.94,6319.0,MAXN,onnxrt_cuda,results/clean_v2_20260512_131735/latency/MAXN/ssd_mobilenet_v2_onnxrt_cuda.json,ok,ok,0.1762,7.7559,60830.7498,clean_v2_without_tensorrt,,,
0.015319,120.151462,,measured,31.5878,940.0,ssd_mobilenet_v2,23.23,200.0,31.5788,31.6874,31.8487,3803.73,6050.0,MAXN,onnxrt_trt,results/clean_v2_20260512_131735/latency/MAXN/ssd_mobilenet_v2_onnxrt_trt.json,ok,ok,0.1054,3.0639,24030.2925,clean_v2_without_tensorrt,,,
0.171223,1342.928827,,measured,391.1766,2.0,ssd_mobilenet_v2,23.16,200.0,391.0142,394.2655,398.3081,3433.05,3692.0,MAXN,tflite_cpu,results/clean_v2_20260512_131735/latency/MAXN/ssd_mobilenet_v2_tflite_cpu.json,ok,ok,1.7165,34.2447,268585.7653,clean_v2_without_tensorrt,,,
0.177267,1390.33295,,measured,402.4235,2.0,ssd_mobilenet_v2,23.16,200.0,401.5466,411.7255,417.084,3454.9,4004.0,MAXN,tflite_gpu,results/clean_v2_20260512_131735/latency/MAXN/ssd_mobilenet_v2_tflite_gpu.json,ok,ok,5.1871,35.4535,278066.59,clean_v2_without_tensorrt,,,
0.070997,556.837061,,measured,102.3622,24.0,ssd_mobilenet_v2,23.12,200.0,101.01,110.0668,156.4156,5439.87,5710.0,MAXN,ncnn_cpu,results/clean_v2_20260512_131735/latency/MAXN/ssd_mobilenet_v2_ncnn_cpu.json,ok,ok,18.1911,14.1993,111367.4122,clean_v2_without_tensorrt,,,
0.029636,232.435322,,measured,44.3107,1.0,ssd_mobilenet_v2,23.12,200.0,43.7994,46.343,46.9085,5245.58,5971.0,MAXN,ncnn_vulkan,results/clean_v2_20260512_131735/latency/MAXN/ssd_mobilenet_v2_ncnn_vulkan.json,ok,ok,0.9672,5.9271,46487.0643,clean_v2_without_tensorrt,,,
0.676083,5302.61176,,measured,2111.072,47.0,ssd_mobilenet_v2,23.5,200.0,2078.3893,2669.0166,2739.3545,2511.81,2835.0,5W,pytorch_cpu,results/clean_v2_20260512_131735/latency/5W/ssd_mobilenet_v2_pytorch_cpu.json,ok,ok,295.0299,135.2166,1060522.3521,clean_v2_without_tensorrt,,,
0.036218,284.065412,,measured,88.1936,412.0,ssd_mobilenet_v2,23.5,200.0,86.5224,94.9799,102.6871,3220.93,4418.0,5W,pytorch_cuda,results/clean_v2_20260512_131735/latency/5W/ssd_mobilenet_v2_pytorch_cuda.json,ok,ok,4.8887,7.2437,56813.0824,clean_v2_without_tensorrt,,,
,119.24126508423616,,measured,36.799679374694826,1.87,ssd_mobilenet_v2,24.49,,36.572265625,37.3840446472168,42.01098640441895,3240.28,4596.0,5W,tensorrt_fp32,/Users/hobongs/Desktop/HoBong_study/26-1/탄중/temp/jetson_nano_edgeai/my_results/tensorrt_only/latency/ssd_mobilenet_v2_5w_20260513_143215,ok,ok,0.9155158381262656,,,tensorrt_only,36.26760482788086,43.438907623291016,27.17
,136.09171011813353,,measured,33.789778060913086,1.87,ssd_mobilenet_v2,13.57,,33.15112113952637,38.08676242828369,40.14106361389162,4027.6,4709.0,5W,tensorrt_fp16,/Users/hobongs/Desktop/HoBong_study/26-1/탄중/temp/jetson_nano_edgeai/my_results/tensorrt_only/latency/ssd_mobilenet_v2_5w_20260513_143215,ok,ok,1.7887225852424975,,,tensorrt_only,32.83463668823242,43.11848831176758,29.59
,145.68324742981568,,measured,37.03814514160156,1.87,ssd_mobilenet_v2,23.67,,36.56731796264648,38.62697200775146,43.70234931945801,3933.33,4563.0,5W,tensorrt_int8,/Users/hobongs/Desktop/HoBong_study/26-1/탄중/temp/jetson_nano_edgeai/my_results/tensorrt_only/latency/ssd_mobilenet_v2_5w_20260513_143215,ok,ok,1.4469372266188298,,,tensorrt_only,36.33385467529297,43.94505310058594,27.0
0.034945,274.074689,,measured,81.7716,228.0,ssd_mobilenet_v2,23.23,200.0,80.7474,88.3054,89.7231,3351.71,4146.0,5W,onnxrt_cuda,results/clean_v2_20260512_131735/latency/5W/ssd_mobilenet_v2_onnxrt_cuda.json,ok,ok,2.5628,6.9889,54814.9379,clean_v2_without_tensorrt,,,
0.014623,114.692312,,measured,44.8934,1001.0,ssd_mobilenet_v2,23.23,200.0,44.5184,46.4329,49.163,2554.77,3993.0,5W,onnxrt_trt,results/clean_v2_20260512_131735/latency/5W/ssd_mobilenet_v2_onnxrt_trt.json,ok,ok,0.9587,2.9247,22938.4623,clean_v2_without_tensorrt,,,
0.178846,1402.715508,,measured,561.0301,2.0,ssd_mobilenet_v2,23.16,200.0,560.8674,568.6658,570.5177,2500.25,2790.0,5W,tflite_cpu,results/clean_v2_20260512_131735/latency/5W/ssd_mobilenet_v2_tflite_cpu.json,ok,ok,4.3709,35.7692,280543.1015,clean_v2_without_tensorrt,,,
0.178192,1397.581179,,measured,558.2643,2.0,ssd_mobilenet_v2,23.16,200.0,557.9017,565.6708,573.2046,2503.44,2790.0,5W,tflite_gpu,results/clean_v2_20260512_131735/latency/5W/ssd_mobilenet_v2_tflite_gpu.json,ok,ok,4.4116,35.6383,279516.2358,clean_v2_without_tensorrt,,,
0.084973,666.45317,,measured,230.7184,32.0,ssd_mobilenet_v2,23.12,200.0,226.7196,250.021,297.9213,2888.6,2993.0,5W,ncnn_cpu,results/clean_v2_20260512_131735/latency/5W/ssd_mobilenet_v2_ncnn_cpu.json,ok,ok,24.2012,16.9946,133290.634,clean_v2_without_tensorrt,,,
0.027665,216.983642,,measured,63.7812,0.0,ssd_mobilenet_v2,23.12,200.0,61.5347,71.5647,73.1287,3402.0,3496.0,5W,ncnn_vulkan,results/clean_v2_20260512_131735/latency/5W/ssd_mobilenet_v2_ncnn_vulkan.json,ok,ok,3.7514,5.5331,43396.7285,clean_v2_without_tensorrt,,,
0.716134,5616.737953,,measured,955.8778,124.0,yolov8n,12.42,200.0,947.3947,1032.972,1046.5792,5876.0,6237.0,MAXN,pytorch_cpu,results/clean_v2_20260512_131735/latency/MAXN/yolov8n_pytorch_cpu.json,ok,ok,36.8274,143.2268,1123347.5906,clean_v2_without_tensorrt,,,
0.067091,526.205728,,measured,92.6833,640.0,yolov8n,12.42,200.0,92.6508,93.0348,93.7063,5677.46,8053.0,MAXN,pytorch_cuda,results/clean_v2_20260512_131735/latency/MAXN/yolov8n_pytorch_cuda.json,ok,ok,0.2595,13.4182,105241.1457,clean_v2_without_tensorrt,,,
,370.87185726562495,,measured,72.117578125,7.38,yolov8n,27.39,,71.78648376464844,73.87495346069336,74.78802116394043,5142.6,7675.0,MAXN,tensorrt_fp32,/Users/hobongs/Desktop/HoBong_study/26-1/탄중/temp/jetson_nano_edgeai/my_results/tensorrt_only/latency/yolov8n_10w_20260513_142250,ok,ok,0.8213619636141425,,,tensorrt_only,71.3363037109375,75.21062469482422,13.87
,290.0746262250031,,measured,53.27220718383789,7.38,yolov8n,15.83,,53.13169288635254,53.76061573028564,55.793297119140625,5445.14,7012.0,MAXN,tensorrt_fp16,/Users/hobongs/Desktop/HoBong_study/26-1/탄중/temp/jetson_nano_edgeai/my_results/tensorrt_only/latency/yolov8n_10w_20260513_142250,ok,ok,0.4667525644046086,,,tensorrt_only,52.9001579284668,56.207237243652344,18.77
,460.37489069668584,,measured,71.58237564086915,7.38,yolov8n,27.22,,71.35190200805664,72.36893882751465,74.31844841003418,6431.4,7859.0,MAXN,tensorrt_int8,/Users/hobongs/Desktop/HoBong_study/26-1/탄중/temp/jetson_nano_edgeai/my_results/tensorrt_only/latency/yolov8n_10w_20260513_142250,ok,ok,0.6431079887092283,,,tensorrt_only,70.90791320800781,74.71624755859375,13.97
0.089836,704.596866,,measured,111.9771,239.0,yolov8n,12.18,200.0,111.9134,112.625,113.1833,6292.33,7716.0,MAXN,onnxrt_cuda,results/clean_v2_20260512_131735/latency/MAXN/yolov8n_onnxrt_cuda.json,ok,ok,0.4391,17.9672,140919.3731,clean_v2_without_tensorrt,,,
0.068608,538.100982,,measured,75.614,1.0,yolov8n,12.18,200.0,75.6053,75.8289,76.1104,7116.42,7532.0,MAXN,onnxrt_trt,results/clean_v2_20260512_131735/latency/MAXN/yolov8n_onnxrt_trt.json,ok,ok,0.1692,13.7216,107620.1964,clean_v2_without_tensorrt,,,
0.509756,3998.087043,,measured,1141.8995,12.0,yolov8n,12.18,200.0,1141.8276,1146.0955,1154.5836,3501.26,3963.0,MAXN,tflite_cpu,results/clean_v2_20260512_131735/latency/MAXN/yolov8n_tflite_cpu.json,ok,ok,3.6431,101.9512,799617.4087,clean_v2_without_tensorrt,,,
0.510389,4003.048411,,measured,1144.7584,14.0,yolov8n,12.18,200.0,1144.3709,1146.8336,1154.1242,3496.85,4159.0,MAXN,tflite_gpu,results/clean_v2_20260512_131735/latency/MAXN/yolov8n_tflite_gpu.json,ok,ok,1.9813,102.0777,800609.6822,clean_v2_without_tensorrt,,,
,,file missing,na,,,yolov8n,,,,,,,,MAXN,ncnn_cpu,results/clean_v2_20260512_131735/latency/MAXN/yolov8n_ncnn_cpu,na,file_missing,,,,clean_v2_without_tensorrt,,,
,,file missing,na,,,yolov8n,,,,,,,,MAXN,ncnn_vulkan,results/clean_v2_20260512_131735/latency/MAXN/yolov8n_ncnn_vulkan,na,file_missing,,,,clean_v2_without_tensorrt,,,
0.900118,7059.752258,,measured,2517.7074,134.0,yolov8n,12.42,200.0,2514.6544,2712.6096,2759.7068,2804.04,3210.0,5W,pytorch_cpu,results/clean_v2_20260512_131735/latency/5W/yolov8n_pytorch_cpu.json,ok,ok,116.5596,180.0237,1411950.4516,clean_v2_without_tensorrt,,,
0.061096,479.187491,,measured,133.091,471.0,yolov8n,12.42,200.0,131.7367,138.2713,157.071,3600.45,5116.0,5W,pytorch_cuda,results/clean_v2_20260512_131735/latency/5W/yolov8n_pytorch_cuda.json,ok,ok,4.6326,12.2193,95837.4982,clean_v2_without_tensorrt,,,
,366.39963312699655,,measured,100.83126243591308,7.38,yolov8n,27.39,,100.5793228149414,101.42430381774902,106.25700569152832,3633.79,5144.0,5W,tensorrt_fp32,/Users/hobongs/Desktop/HoBong_study/26-1/탄중/temp/jetson_nano_edgeai/my_results/tensorrt_only/latency/yolov8n_5w_20260513_142601,ok,ok,1.099971654798823,,,tensorrt_only,100.15348815917967,106.38333129882812,9.92
,290.9473429911072,,measured,75.99830291748047,7.38,yolov8n,15.83,,74.85557556152344,81.76192474365234,83.43271934509278,3828.34,4830.0,5W,tensorrt_fp16,/Users/hobongs/Desktop/HoBong_study/26-1/탄중/temp/jetson_nano_edgeai/my_results/tensorrt_only/latency/yolov8n_5w_20260513_142601,ok,ok,2.397438544999461,,,tensorrt_only,74.57640838623047,83.86203002929688,13.16
,452.07207627185835,,measured,100.11894454956057,7.38,yolov8n,27.22,,100.0439567565918,100.47449836730956,103.51223220825196,4515.35,5176.0,5W,tensorrt_int8,/Users/hobongs/Desktop/HoBong_study/26-1/탄중/temp/jetson_nano_edgeai/my_results/tensorrt_only/latency/yolov8n_5w_20260513_142601,ok,ok,0.6079113345915125,,,tensorrt_only,99.5886459350586,104.20734405517578,9.99
0.079314,622.071931,,measured,150.2074,227.0,yolov8n,12.18,200.0,149.6105,154.7387,155.9976,4141.42,4801.0,5W,onnxrt_cuda,results/clean_v2_20260512_131735/latency/5W/yolov8n_onnxrt_cuda.json,ok,ok,1.7456,15.8628,124414.3861,clean_v2_without_tensorrt,,,
0.061359,481.246893,,measured,108.1167,0.0,yolov8n,12.18,200.0,106.5763,113.3392,114.0018,4451.18,4864.0,5W,onnxrt_trt,results/clean_v2_20260512_131735/latency/5W/yolov8n_onnxrt_trt.json,ok,ok,3.3864,12.2718,96249.3785,clean_v2_without_tensorrt,,,
0.566314,4441.68062,,measured,1795.1334,33.0,yolov8n,12.18,200.0,1795.002,1812.9017,1816.4219,2474.29,2912.0,5W,tflite_cpu,results/clean_v2_20260512_131735/latency/5W/yolov8n_tflite_cpu.json,ok,ok,9.8921,113.2629,888336.1241,clean_v2_without_tensorrt,,,
0.563237,4417.543125,,measured,1789.2541,51.0,yolov8n,12.18,200.0,1786.7629,1808.4612,1824.1076,2468.93,2871.0,5W,tflite_gpu,results/clean_v2_20260512_131735/latency/5W/yolov8n_tflite_gpu.json,ok,ok,14.7151,112.6473,883508.625,clean_v2_without_tensorrt,,,
,,file missing,na,,,yolov8n,,,,,,,,5W,ncnn_cpu,results/clean_v2_20260512_131735/latency/5W/yolov8n_ncnn_cpu,na,file_missing,,,,clean_v2_without_tensorrt,,,
,,file missing,na,,,yolov8n,,,,,,,,5W,ncnn_vulkan,results/clean_v2_20260512_131735/latency/5W/yolov8n_ncnn_vulkan,na,file_missing,,,,clean_v2_without_tensorrt,,,
