model,runtime,power_mode,num_runs,latency_mean_ms,power_mean_mw,energy_per_inference_mj,total_energy_mj,co2_per_inference_mg,total_co2_mg
efficientnet_b0,ncnn_cpu,10w,100,58.42,5408.08,315.9444,31594.44,40.282907,4028.2907
efficientnet_b0,ncnn_cpu,5w,100,132.79,2734.83,363.1664,36316.64,46.30371,4630.371
efficientnet_b0,ncnn_vulkan,10w,100,58.59,5170.13,302.9128,30291.28,38.621387,3862.1387
efficientnet_b0,ncnn_vulkan,5w,100,146.65,2778.65,407.4953,40749.53,51.955656,5195.5656
efficientnet_b0,onnxrt_cuda,10w,100,39.75,3867.94,153.7514,15375.14,19.603308,1960.3308
efficientnet_b0,onnxrt_cuda,5w,100,54.85,2735.59,150.0589,15005.89,19.132511,1913.2511
efficientnet_b0,onnxrt_tensorrt,10w,100,27.74,3397.12,94.2269,9422.69,12.013933,1201.3933
efficientnet_b0,onnxrt_tensorrt,5w,100,39.18,2424.12,94.9868,9498.68,12.110814,1211.0814
efficientnet_b0,pytorch_cpu,10w,100,1096.3,4889.03,5359.8578,535985.78,683.381876,68338.1876
efficientnet_b0,pytorch_cpu,5w,100,1590.04,2525.49,4015.6366,401563.66,511.993672,51199.3672
efficientnet_b0,pytorch_cuda,10w,100,44.31,3753.81,166.3341,16633.41,21.207597,2120.7597
efficientnet_b0,pytorch_cuda,5w,100,70.96,2587.61,183.6068,18360.68,23.409868,2340.9868
efficientnet_b0,tensorrt_fp16,10w,100,22.09,4270.82,94.3438,9434.38,12.028834,1202.8834
efficientnet_b0,tensorrt_fp16,5w,100,31.03,2978.64,92.4344,9243.44,11.78539,1178.539
efficientnet_b0,tensorrt_fp32,10w,100,27.21,3080.06,83.8141,8381.41,10.686293,1068.6293
efficientnet_b0,tensorrt_fp32,5w,100,39.17,2428.39,95.1249,9512.49,12.128429,1212.8429
efficientnet_b0,tensorrt_int8,10w,100,27.17,5196.11,141.1779,14117.79,18.000178,1800.0178
efficientnet_b0,tensorrt_int8,5w,100,38.22,3334.77,127.4595,12745.95,16.251087,1625.1087
efficientnet_b0,tflite_cpu,10w,100,279.66,3480.41,973.3347,97333.47,124.100171,12410.0171
efficientnet_b0,tflite_cpu,5w,100,447.88,2461.24,1102.3352,110233.52,140.547742,14054.7742
efficientnet_b0,tflite_gpu,10w,100,0,2511.67,0,0,0,0
efficientnet_b0,tflite_gpu,5w,100,0,2167.5,0,0,0,0
mobilenetv3_small,ncnn_cpu,10w,100,9.47,3995.5,37.8334,3783.34,4.82376,482.376
mobilenetv3_small,ncnn_cpu,5w,100,19.11,2879.2,55.0175,5501.75,7.014727,701.4727
mobilenetv3_small,ncnn_vulkan,10w,100,9.42,3913.0,36.8651,3686.51,4.700304,470.0304
mobilenetv3_small,ncnn_vulkan,5w,100,19.29,2642.17,50.9631,5096.31,6.497798,649.7798
mobilenetv3_small,onnxrt_cuda,10w,100,11.11,3016.1,33.5127,3351.27,4.272874,427.2874
mobilenetv3_small,onnxrt_cuda,5w,100,20.49,2588.76,53.0376,5303.76,6.762293,676.2293
mobilenetv3_small,onnxrt_tensorrt,10w,100,7.34,3039.71,22.3222,2232.22,2.846078,284.6078
mobilenetv3_small,onnxrt_tensorrt,5w,100,11.11,2314.5,25.7071,2570.71,3.27766,327.766
mobilenetv3_small,pytorch_cpu,10w,100,292.57,4715.95,1379.7448,137974.48,175.917468,17591.7468
mobilenetv3_small,pytorch_cpu,5w,100,436.14,2453.68,1070.1522,107015.22,136.444401,13644.4401
mobilenetv3_small,pytorch_cuda,10w,100,25.17,3125.7,78.6751,7867.51,10.031081,1003.1081
mobilenetv3_small,pytorch_cuda,5w,100,37.53,2299.37,86.2846,8628.46,11.001284,1100.1284
mobilenetv3_small,tensorrt_fp16,10w,100,6.63,3377.38,22.3756,2237.56,2.852884,285.2884
mobilenetv3_small,tensorrt_fp16,5w,100,10.49,2376.2,24.9214,2492.14,3.177474,317.7474
mobilenetv3_small,tensorrt_fp32,10w,100,7.01,2766.7,19.3999,1939.99,2.473488,247.3488
mobilenetv3_small,tensorrt_fp32,5w,100,12.87,2286.73,29.4205,2942.05,3.751114,375.1114
mobilenetv3_small,tensorrt_int8,10w,100,6.58,2802.08,18.4434,1844.34,2.351532,235.1532
mobilenetv3_small,tensorrt_int8,5w,100,9.55,2446.91,23.3771,2337.71,2.980577,298.0577
mobilenetv3_small,tflite_cpu,10w,100,62.3,3194.53,199.0213,19902.13,25.375211,2537.5211
mobilenetv3_small,tflite_cpu,5w,100,99.2,2399.12,237.9927,23799.27,30.344073,3034.4073
mobilenetv3_small,tflite_gpu,10w,100,0,2470.2,0,0,0,0
mobilenetv3_small,tflite_gpu,5w,100,0,2072.0,0,0,0,0
model,ncnn_cpu,10w,100,278.73,5223.0,1455.7993,145579.93,185.614413,18561.4413
model,ncnn_cpu,5w,100,650.55,2869.73,1866.9124,186691.24,238.031327,23803.1327
model,ncnn_vulkan,10w,100,129.1,3574.67,461.506,46150.6,58.842014,5884.2014
model,ncnn_vulkan,5w,100,172.09,2968.38,510.8313,51083.13,65.130996,6513.0996
resnet50,ncnn_cpu,10w,100,226.4,5479.61,1240.562,124056.2,158.17166,15817.166
resnet50,ncnn_cpu,5w,100,570.45,2972.82,1695.8449,169584.49,216.22022,21622.022
resnet50,ncnn_vulkan,10w,100,227.21,5535.69,1257.7885,125778.85,160.36803,16036.803
resnet50,ncnn_vulkan,5w,100,577.67,2959.43,1709.5598,170955.98,217.968869,21796.8869
resnet50,onnxrt_cuda,10w,100,516.59,5333.0,2754.9583,275495.83,351.257185,35125.7185
resnet50,onnxrt_cuda,5w,100,599.26,3411.4,2044.3324,204433.24,260.652379,26065.2379
resnet50,onnxrt_tensorrt,10w,100,54.94,3491.78,191.8507,19185.07,24.460969,2446.0969
resnet50,onnxrt_tensorrt,5w,100,78.96,2777.53,219.3188,21931.88,27.963152,2796.3152
resnet50,pytorch_cpu,10w,100,714.48,5164.23,3689.742,368974.2,470.442102,47044.2102
resnet50,pytorch_cpu,5w,100,1701.82,2767.21,4709.2938,470929.38,600.434964,60043.4964
resnet50,pytorch_cuda,10w,100,90.02,4343.0,390.9447,39094.47,49.845452,4984.5452
resnet50,pytorch_cuda,5w,100,123.79,3047.01,377.2022,37720.22,48.093283,4809.3283
resnet50,tensorrt_fp16,10w,100,29.82,4967.67,148.1156,14811.56,18.884737,1888.4737
resnet50,tensorrt_fp16,5w,100,42.71,3459.08,147.7513,14775.13,18.838285,1883.8285
resnet50,tensorrt_fp32,10w,100,54.51,3524.92,192.1429,19214.29,24.498218,2449.8218
resnet50,tensorrt_fp32,5w,100,78.18,2699.45,211.0314,21103.14,26.906509,2690.6509
resnet50,tensorrt_int8,10w,100,54.07,5889.56,318.445,31844.5,40.601735,4060.1735
resnet50,tensorrt_int8,5w,100,77.75,3793.38,294.9426,29494.26,37.605177,3760.5177
resnet50,tflite_cpu,10w,100,524.13,4660.35,2442.6199,244261.99,311.434043,31143.4043
resnet50,tflite_cpu,5w,100,1336.6,2643.55,3533.3672,353336.72,450.504316,45050.4316
resnet50,tflite_gpu,10w,100,0,2501.3,0,0,0,0
resnet50,tflite_gpu,5w,100,0,2093.83,0,0,0,0
shufflenet_v2_x1_0,ncnn_cpu,10w,100,18.67,4906.4,91.6008,9160.08,11.679103,1167.9103
shufflenet_v2_x1_0,ncnn_cpu,5w,100,45.87,2801.1,128.4807,12848.07,16.381285,1638.1285
shufflenet_v2_x1_0,ncnn_vulkan,10w,100,17.71,4984.6,88.2787,8827.87,11.255529,1125.5529
shufflenet_v2_x1_0,ncnn_vulkan,5w,100,40.19,2691.5,108.1785,10817.85,13.792759,1379.2759
shufflenet_v2_x1_0,onnxrt_cuda,10w,100,15.85,2852.5,45.1981,4519.81,5.762755,576.2755
shufflenet_v2_x1_0,onnxrt_cuda,5w,100,51.27,2630.08,134.8327,13483.27,17.191172,1719.1172
shufflenet_v2_x1_0,onnxrt_tensorrt,10w,100,8.55,2994.9,25.6079,2560.79,3.265005,326.5005
shufflenet_v2_x1_0,onnxrt_tensorrt,5w,100,11.88,2414.7,28.6888,2868.88,3.657824,365.7824
shufflenet_v2_x1_0,pytorch_cpu,10w,100,321.76,4684.02,1507.129,150712.9,192.158942,19215.8942
shufflenet_v2_x1_0,pytorch_cpu,5w,100,398.46,2447.63,975.2876,97528.76,124.349175,12434.9175
shufflenet_v2_x1_0,pytorch_cuda,10w,100,30.41,3041.59,92.4825,9248.25,11.791517,1179.1517
shufflenet_v2_x1_0,pytorch_cuda,5w,100,42.98,2303.7,99.0126,9901.26,12.624113,1262.4113
shufflenet_v2_x1_0,tensorrt_fp16,10w,100,7.57,3401.44,25.7413,2574.13,3.282016,328.2016
shufflenet_v2_x1_0,tensorrt_fp16,5w,100,11.14,2622.33,29.2052,2920.52,3.723664,372.3664
shufflenet_v2_x1_0,tensorrt_fp32,10w,100,8.06,2791.41,22.4851,2248.51,2.866847,286.6847
shufflenet_v2_x1_0,tensorrt_fp32,5w,100,12.46,2290.51,28.5473,2854.73,3.639781,363.9781
shufflenet_v2_x1_0,tensorrt_int8,10w,100,7.99,3239.7,25.8844,2588.44,3.300266,330.0266
shufflenet_v2_x1_0,tensorrt_int8,5w,100,10.87,3414.5,37.1249,3712.49,4.733428,473.3428
shufflenet_v2_x1_0,tflite_cpu,10w,100,19.76,4218.14,83.3322,8333.22,10.624851,1062.4851
shufflenet_v2_x1_0,tflite_cpu,5w,100,3121.6,2196.71,6857.2535,685725.35,874.299824,87429.9824
shufflenet_v2_x1_0,tflite_gpu,10w,100,0,2350.62,0,0,0,0
shufflenet_v2_x1_0,tflite_gpu,5w,100,0,2078.79,0,0,0,0
ssd_mobilenet_v2,ncnn_cpu,10w,100,84.99,5780.4,491.2571,49125.71,62.635282,6263.5282
ssd_mobilenet_v2,ncnn_cpu,5w,100,193.03,2941.3,567.7566,56775.66,72.388966,7238.8966
ssd_mobilenet_v2,ncnn_vulkan,10w,100,85.06,5458.95,464.3468,46434.68,59.204215,5920.4215
ssd_mobilenet_v2,ncnn_vulkan,5w,100,191.35,2969.41,568.1989,56819.89,72.445366,7244.5366
ssd_mobilenet_v2,pytorch_cpu,10w,100,1266.68,4907.69,6216.4684,621646.84,792.599721,79259.9721
ssd_mobilenet_v2,pytorch_cpu,5w,100,1896.95,2524.39,4788.6402,478864.02,610.551626,61055.1626
ssd_mobilenet_v2,pytorch_cuda,10w,100,56.38,3796.32,214.0378,21403.78,27.289823,2728.9823
ssd_mobilenet_v2,pytorch_cuda,5w,100,82.82,2625.93,217.4677,21746.77,27.727137,2772.7137
ssd_mobilenet_v2,tensorrt_fp16,10w,100,23.58,3635.39,85.7083,8570.83,10.927812,1092.7812
ssd_mobilenet_v2,tensorrt_fp16,5w,100,32.81,2961.24,97.1518,9715.18,12.386855,1238.6855
ssd_mobilenet_v2,tensorrt_fp32,10w,100,25.8,3208.98,82.7997,8279.97,10.556967,1055.6967
ssd_mobilenet_v2,tensorrt_fp32,5w,100,36.18,2444.96,88.4576,8845.76,11.278343,1127.8343
ssd_mobilenet_v2,tensorrt_int8,10w,100,25.95,3609.26,93.6525,9365.25,11.940687,1194.0687
ssd_mobilenet_v2,tensorrt_int8,5w,100,36.21,3006.75,108.8701,10887.01,13.88094,1388.094
ssd_mobilenet_v2,tflite_cpu,10w,100,143.42,4825.0,692.0124,69201.24,88.231578,8823.1578
ssd_mobilenet_v2,tflite_cpu,5w,100,3563.6,2266.47,8076.7962,807679.62,1029.791512,102979.1512
ssd_mobilenet_v2,tflite_gpu,10w,100,0,2486.5,0,0,0,0
ssd_mobilenet_v2,tflite_gpu,5w,100,0,2105.08,0,0,0,0
ssd_mobilenet_v2_raw_fpinput,onnxrt_cuda,10w,100,51.67,3841.83,198.5138,19851.38,25.310506,2531.0506
ssd_mobilenet_v2_raw_fpinput,onnxrt_cuda,5w,100,70.47,2847.99,200.7086,20070.86,25.590349,2559.0349
ssd_mobilenet_v2_raw_fpinput,onnxrt_tensorrt,10w,100,26.12,3447.78,90.0632,9006.32,11.483061,1148.3061
ssd_mobilenet_v2_raw_fpinput,onnxrt_tensorrt,5w,100,36.49,2487.32,90.7663,9076.63,11.572701,1157.2701
yolov8n,ncnn_cpu,10w,100,0.08,1658.0,0.1258,12.58,0.016045,1.6045
yolov8n,ncnn_cpu,5w,100,0.12,0,0,0,0,0
yolov8n,ncnn_vulkan,10w,100,0.08,1903.33,0.1439,14.39,0.018342,1.8342
yolov8n,ncnn_vulkan,5w,100,0.12,1943.5,0.2313,23.13,0.02949,2.949
yolov8n,onnxrt_cuda,10w,100,108.74,4291.09,466.6293,46662.93,59.495231,5949.5231
yolov8n,onnxrt_cuda,5w,100,144.8,3166.87,458.5496,45854.96,58.465071,5846.5071
yolov8n,onnxrt_tensorrt,10w,100,75.32,3372.08,253.9792,25397.92,32.382348,3238.2348
yolov8n,onnxrt_tensorrt,5w,100,105.03,2498.66,262.4268,26242.68,33.459414,3345.9414
yolov8n,pytorch_cpu,10w,100,936.03,5600.37,5242.1307,524213.07,668.371658,66837.1658
yolov8n,pytorch_cpu,5w,100,2289.04,2806.93,6425.1646,642516.46,819.208492,81920.8492
yolov8n,pytorch_cuda,10w,100,88.39,4171.57,368.7257,36872.57,47.012532,4701.2532
yolov8n,pytorch_cuda,5w,100,125.62,2937.84,369.056,36905.6,47.054643,4705.4643
yolov8n,tensorrt_fp16,10w,100,53.15,4808.84,255.5971,25559.71,32.588624,3258.8624
yolov8n,tensorrt_fp16,5w,100,74.51,2878.31,214.4525,21445.25,27.342692,2734.2692
yolov8n,tensorrt_fp32,10w,100,71.33,3861.85,275.4512,27545.12,35.120024,3512.0024
yolov8n,tensorrt_fp32,5w,100,99.89,2891.44,288.825,28882.5,36.825181,3682.5181
yolov8n,tensorrt_int8,10w,100,71.1,4595.38,326.7243,32672.43,41.657345,4165.7345
yolov8n,tensorrt_int8,5w,100,99.53,3511.16,349.4701,34947.01,44.557432,4455.7432
yolov8n,tflite_cpu,10w,100,351.44,6061.85,2130.4004,213040.04,271.626049,27162.6049
yolov8n,tflite_cpu,5w,100,3127.2,2427.64,7591.7191,759171.91,967.944186,96794.4186
yolov8n,tflite_gpu,10w,100,0,2459.17,0,0,0,0
yolov8n,tflite_gpu,5w,100,0,2073.15,0,0,0,0
