layer_index,layer_name,type,module_repr,input_shape,output_shape,param_count,trainable_param_count,in_channels,out_channels,kernel_size,stride,padding,dilation,groups,bias,calls,mean_ms,std_ms,min_ms,max_ms,p50_ms,p95_ms,power_gpu_mw,power_total_mw,timestamp
1,features.0.0,Conv2d,"Conv2d(3, 32, kernel_size=(3, 3), stride=(2, 2), padding=(1, 1), bias=False)",1x3x224x224,1x32x112x112,864,864,3,32,3x3,2x2,1x1,1x1,1,False,100,1.120529,0.038421,1.071065,1.218777,1.099165,1.197511,0,0,1777375489.6225991
2,features.0.1,BatchNorm2d,"BatchNorm2d(32, eps=1e-05, momentum=0.1, affine=True, track_running_stats=True)",1x32x112x112,1x32x112x112,64,64,,,,,,,,True,100,0.562055,0.016984,0.542252,0.635066,0.558059,0.592387,0,0,1777375489.6233108
3,features.0.2,SiLU,SiLU(inplace=True),1x32x112x112,1x32x112x112,0,0,,,,,,,,False,100,0.405494,0.024248,0.370893,0.606941,0.401415,0.434014,0,0,1777375489.6238942
4,features.1.0.block.0.0,Conv2d,"Conv2d(32, 32, kernel_size=(3, 3), stride=(1, 1), padding=(1, 1), groups=32, bias=False)",1x32x112x112,1x32x112x112,288,288,32,32,3x3,1x1,1x1,1x1,32,False,100,1.769766,0.024068,1.749101,1.924157,1.764023,1.812879,0,0,1777375489.6258607
5,features.1.0.block.0.1,BatchNorm2d,"BatchNorm2d(32, eps=1e-05, momentum=0.1, affine=True, track_running_stats=True)",1x32x112x112,1x32x112x112,64,64,,,,,,,,True,100,0.537925,0.043591,0.482302,0.923926,0.529516,0.576778,0,0,1777375489.6265178
6,features.1.0.block.0.2,SiLU,SiLU(inplace=True),1x32x112x112,1x32x112x112,0,0,,,,,,,,False,100,0.389566,0.010174,0.362664,0.454229,0.389149,0.397521,0,0,1777375489.6270483
7,features.1.0.block.1.avgpool,AdaptiveAvgPool2d,AdaptiveAvgPool2d(output_size=1),1x32x112x112,1x32x1x1,0,0,,,,,,,,False,100,0.329516,0.015778,0.291517,0.391206,0.324747,0.370128,0,0,1777375489.6275537
8,features.1.0.block.1.fc1,Conv2d,"Conv2d(32, 8, kernel_size=(1, 1), stride=(1, 1))",1x32x1x1,1x8x1x1,264,264,32,8,1x1,1x1,0x0,1x1,1,True,100,0.730889,0.074019,0.646316,0.921791,0.692827,0.859282,0,0,1777375489.6285408
9,features.1.0.block.1.activation,SiLU,SiLU(inplace=True),1x8x1x1,1x8x1x1,0,0,,,,,,,,False,100,0.242787,0.032107,0.215369,0.37704,0.22464,0.302973,0,0,1777375489.628953
10,features.1.0.block.1.fc2,Conv2d,"Conv2d(8, 32, kernel_size=(1, 1), stride=(1, 1))",1x8x1x1,1x32x1x1,288,288,8,32,1x1,1x1,0x0,1x1,1,True,100,0.56643,0.057249,0.503865,0.742203,0.541757,0.670593,0,0,1777375489.6296713
11,features.1.0.block.1.scale_activation,Sigmoid,Sigmoid(),1x32x1x1,1x32x1x1,0,0,,,,,,,,False,100,0.287796,0.349255,0.224953,3.754457,0.240501,0.296579,0,0,1777375489.630091
12,features.1.0.block.2.0,Conv2d,"Conv2d(32, 16, kernel_size=(1, 1), stride=(1, 1), bias=False)",1x32x112x112,1x16x112x112,512,512,32,16,1x1,1x1,0x0,1x1,1,False,100,1.067832,0.040963,1.019502,1.264611,1.053044,1.13803,0,0,1777375489.6317105
13,features.1.0.block.2.1,BatchNorm2d,"BatchNorm2d(16, eps=1e-05, momentum=0.1, affine=True, track_running_stats=True)",1x16x112x112,1x16x112x112,32,32,,,,,,,,True,100,0.437658,0.032364,0.398133,0.555585,0.42678,0.489656,0,0,1777375489.6323671
14,features.2.0.block.0.0,Conv2d,"Conv2d(16, 96, kernel_size=(1, 1), stride=(1, 1), bias=False)",1x16x112x112,1x96x112x112,1536,1536,16,96,1x1,1x1,0x0,1x1,1,False,100,1.745833,0.038728,1.688735,1.85577,1.73009,1.817118,0,0,1777375489.634356
15,features.2.0.block.0.1,BatchNorm2d,"BatchNorm2d(96, eps=1e-05, momentum=0.1, affine=True, track_running_stats=True)",1x96x112x112,1x96x112x112,192,192,,,,,,,,True,100,1.005972,0.031036,0.976584,1.177265,0.998434,1.065604,0,0,1777375489.6354911
16,features.2.0.block.0.2,SiLU,SiLU(inplace=True),1x96x112x112,1x96x112x112,0,0,,,,,,,,False,100,0.8545,0.027307,0.834393,1.078513,0.849134,0.899143,0,0,1777375489.6364815
17,features.2.0.block.1.0,Conv2d,"Conv2d(96, 96, kernel_size=(3, 3), stride=(2, 2), padding=(1, 1), groups=96, bias=False)",1x96x112x112,1x96x56x56,864,864,96,96,3x3,2x2,1x1,1x1,96,False,100,1.390324,0.020093,1.368207,1.466803,1.384536,1.437393,0,0,1777375489.6380186
18,features.2.0.block.1.1,BatchNorm2d,"BatchNorm2d(96, eps=1e-05, momentum=0.1, affine=True, track_running_stats=True)",1x96x56x56,1x96x56x56,192,192,,,,,,,,True,100,0.487234,0.029321,0.447562,0.667932,0.480505,0.539413,0,0,1777375489.6386375
19,features.2.0.block.1.2,SiLU,SiLU(inplace=True),1x96x56x56,1x96x56x56,0,0,,,,,,,,False,100,0.335257,0.016213,0.284017,0.385737,0.332194,0.36629,0,0,1777375489.6391122
20,features.2.0.block.2.avgpool,AdaptiveAvgPool2d,AdaptiveAvgPool2d(output_size=1),1x96x56x56,1x96x1x1,0,0,,,,,,,,False,100,0.308228,0.032732,0.279173,0.525949,0.294877,0.348516,0,0,1777375489.6396055
21,features.2.0.block.2.fc1,Conv2d,"Conv2d(96, 4, kernel_size=(1, 1), stride=(1, 1))",1x96x1x1,1x4x1x1,388,388,96,4,1x1,1x1,0x0,1x1,1,True,100,0.720355,0.090906,0.627305,1.271226,0.694052,0.85523,0,0,1777375489.6405532
22,features.2.0.block.2.activation,SiLU,SiLU(inplace=True),1x4x1x1,1x4x1x1,0,0,,,,,,,,False,100,0.242415,0.042932,0.213598,0.587669,0.224146,0.283741,0,0,1777375489.6409602
23,features.2.0.block.2.fc2,Conv2d,"Conv2d(4, 96, kernel_size=(1, 1), stride=(1, 1))",1x4x1x1,1x96x1x1,480,480,4,96,1x1,1x1,0x0,1x1,1,True,100,0.555172,0.05409,0.498657,0.719338,0.527564,0.652446,0,0,1777375489.6416793
24,features.2.0.block.2.scale_activation,Sigmoid,Sigmoid(),1x96x1x1,1x96x1x1,0,0,,,,,,,,False,100,0.250012,0.025755,0.223339,0.339799,0.234979,0.289506,0,0,1777375489.6420934
25,features.2.0.block.3.0,Conv2d,"Conv2d(96, 24, kernel_size=(1, 1), stride=(1, 1), bias=False)",1x96x56x56,1x24x56x56,2304,2304,96,24,1x1,1x1,0x0,1x1,1,False,100,0.74333,0.044243,0.701057,1.068149,0.726605,0.795142,0,0,1777375489.6432934
26,features.2.0.block.3.1,BatchNorm2d,"BatchNorm2d(24, eps=1e-05, momentum=0.1, affine=True, track_running_stats=True)",1x24x56x56,1x24x56x56,48,48,,,,,,,,True,100,0.415871,0.033392,0.37829,0.524595,0.401727,0.482073,0,0,1777375489.643902
27,features.2.1.block.0.0,Conv2d,"Conv2d(24, 144, kernel_size=(1, 1), stride=(1, 1), bias=False)",1x24x56x56,1x144x56x56,3456,3456,24,144,1x1,1x1,0x0,1x1,1,False,100,1.279686,0.144226,1.213776,2.654746,1.24974,1.35341,0,0,1777375489.6453714
28,features.2.1.block.0.1,BatchNorm2d,"BatchNorm2d(144, eps=1e-05, momentum=0.1, affine=True, track_running_stats=True)",1x144x56x56,1x144x56x56,288,288,,,,,,,,True,100,0.592593,0.025323,0.565793,0.727359,0.583945,0.649293,0,0,1777375489.6460907
29,features.2.1.block.0.2,SiLU,SiLU(inplace=True),1x144x56x56,1x144x56x56,0,0,,,,,,,,False,100,0.430873,0.019401,0.401415,0.527928,0.426468,0.477937,0,0,1777375489.6466558
30,features.2.1.block.1.0,Conv2d,"Conv2d(144, 144, kernel_size=(3, 3), stride=(1, 1), padding=(1, 1), groups=144, bias=False)",1x144x56x56,1x144x56x56,1296,1296,144,144,3x3,1x1,1x1,1x1,144,False,100,1.958847,0.111893,1.929001,3.064651,1.946033,1.982275,0,0,1777375489.6487448
31,features.2.1.block.1.1,BatchNorm2d,"BatchNorm2d(144, eps=1e-05, momentum=0.1, affine=True, track_running_stats=True)",1x144x56x56,1x144x56x56,288,288,,,,,,,,True,100,0.584312,0.025376,0.562252,0.72236,0.576054,0.638004,0,0,1777375489.6494434
32,features.2.1.block.1.2,SiLU,SiLU(inplace=True),1x144x56x56,1x144x56x56,0,0,,,,,,,,False,100,0.417718,0.025309,0.399228,0.653868,0.414775,0.426914,0,0,1777375489.6499984
33,features.2.1.block.2.avgpool,AdaptiveAvgPool2d,AdaptiveAvgPool2d(output_size=1),1x144x56x56,1x144x1x1,0,0,,,,,,,,False,100,0.321065,0.050988,0.277766,0.721579,0.321491,0.384949,0,0,1777375489.6504872
34,features.2.1.block.2.fc1,Conv2d,"Conv2d(144, 6, kernel_size=(1, 1), stride=(1, 1))",1x144x1x1,1x6x1x1,870,870,144,6,1x1,1x1,0x0,1x1,1,True,100,0.707946,0.080394,0.622774,1.001063,0.673583,0.842654,0,0,1777375489.6513653
35,features.2.1.block.2.activation,SiLU,SiLU(inplace=True),1x6x1x1,1x6x1x1,0,0,,,,,,,,False,100,0.239844,0.027067,0.212609,0.351935,0.224901,0.288697,0,0,1777375489.6518662
36,features.2.1.block.2.fc2,Conv2d,"Conv2d(6, 144, kernel_size=(1, 1), stride=(1, 1))",1x6x1x1,1x144x1x1,1008,1008,6,144,1x1,1x1,0x0,1x1,1,True,100,0.597446,0.074655,0.530533,1.109191,0.571992,0.695035,0,0,1777375489.65264
37,features.2.1.block.2.scale_activation,Sigmoid,Sigmoid(),1x144x1x1,1x144x1x1,0,0,,,,,,,,False,100,0.260258,0.087756,0.224536,1.092837,0.237583,0.290122,0,0,1777375489.6530597
38,features.2.1.block.3.0,Conv2d,"Conv2d(144, 24, kernel_size=(1, 1), stride=(1, 1), bias=False)",1x144x56x56,1x24x56x56,3456,3456,144,24,1x1,1x1,0x0,1x1,1,False,100,0.880855,0.137075,0.821893,2.199631,0.851164,0.931942,0,0,1777375489.654535
39,features.2.1.block.3.1,BatchNorm2d,"BatchNorm2d(24, eps=1e-05, momentum=0.1, affine=True, track_running_stats=True)",1x24x56x56,1x24x56x56,48,48,,,,,,,,True,100,0.426935,0.036097,0.381467,0.5697,0.427588,0.485307,0,0,1777375489.655112
40,features.2.1.stochastic_depth,StochasticDepth,"StochasticDepth(p=0.025, mode=row)",1x24x56x56,1x24x56x56,0,0,,,,,,,,False,100,0.142706,0.008059,0.137607,0.218755,0.14167,0.14631,0,0,1777375489.6554167
41,features.3.0.block.0.0,Conv2d,"Conv2d(24, 144, kernel_size=(1, 1), stride=(1, 1), bias=False)",1x24x56x56,1x144x56x56,3456,3456,24,144,1x1,1x1,0x0,1x1,1,False,100,1.278181,0.043349,1.221486,1.436178,1.264429,1.358727,0,0,1777375489.657211
42,features.3.0.block.0.1,BatchNorm2d,"BatchNorm2d(144, eps=1e-05, momentum=0.1, affine=True, track_running_stats=True)",1x144x56x56,1x144x56x56,288,288,,,,,,,,True,100,0.597843,0.038575,0.57069,0.919916,0.589779,0.645628,0,0,1777375489.6579432
43,features.3.0.block.0.2,SiLU,SiLU(inplace=True),1x144x56x56,1x144x56x56,0,0,,,,,,,,False,100,0.426967,0.016332,0.406727,0.55496,0.424853,0.438213,0,0,1777375489.6585145
44,features.3.0.block.1.0,Conv2d,"Conv2d(144, 144, kernel_size=(5, 5), stride=(2, 2), padding=(2, 2), groups=144, bias=False)",1x144x56x56,1x144x28x28,3600,3600,144,144,5x5,2x2,2x2,1x1,144,False,100,1.240455,0.014471,1.220964,1.30555,1.236746,1.2652,0,0,1777375489.6599038
45,features.3.0.block.1.1,BatchNorm2d,"BatchNorm2d(144, eps=1e-05, momentum=0.1, affine=True, track_running_stats=True)",1x144x28x28,1x144x28x28,288,288,,,,,,,,True,100,0.393467,0.034793,0.355893,0.544856,0.378107,0.453159,0,0,1777375489.6604593
46,features.3.0.block.1.2,SiLU,SiLU(inplace=True),1x144x28x28,1x144x28x28,0,0,,,,,,,,False,100,0.238146,0.024996,0.212505,0.325424,0.224614,0.281925,0,0,1777375489.6608505
47,features.3.0.block.2.avgpool,AdaptiveAvgPool2d,AdaptiveAvgPool2d(output_size=1),1x144x28x28,1x144x1x1,0,0,,,,,,,,False,100,0.310518,0.035773,0.273704,0.443031,0.294329,0.379738,0,0,1777375489.6613388
48,features.3.0.block.2.fc1,Conv2d,"Conv2d(144, 6, kernel_size=(1, 1), stride=(1, 1))",1x144x1x1,1x6x1x1,870,870,144,6,1x1,1x1,0x0,1x1,1,True,100,0.70353,0.068426,0.614076,0.867519,0.683687,0.819567,0,0,1777375489.662233
49,features.3.0.block.2.activation,SiLU,SiLU(inplace=True),1x6x1x1,1x6x1x1,0,0,,,,,,,,False,100,0.246563,0.054215,0.210629,0.559856,0.223885,0.320739,0,0,1777375489.6626384
50,features.3.0.block.2.fc2,Conv2d,"Conv2d(6, 144, kernel_size=(1, 1), stride=(1, 1))",1x6x1x1,1x144x1x1,1008,1008,6,144,1x1,1x1,0x0,1x1,1,True,100,0.598874,0.164655,0.525011,2.153589,0.559908,0.685127,0,0,1777375489.6633806
51,features.3.0.block.2.scale_activation,Sigmoid,Sigmoid(),1x144x1x1,1x144x1x1,0,0,,,,,,,,False,100,0.257673,0.030297,0.224328,0.347977,0.244016,0.311129,0,0,1777375489.6638708
52,features.3.0.block.3.0,Conv2d,"Conv2d(144, 40, kernel_size=(1, 1), stride=(1, 1), bias=False)",1x144x28x28,1x40x28x28,5760,5760,144,40,1x1,1x1,0x0,1x1,1,False,100,0.630003,0.016665,0.606628,0.69538,0.62629,0.661004,0,0,1777375489.664873
53,features.3.0.block.3.1,BatchNorm2d,"BatchNorm2d(40, eps=1e-05, momentum=0.1, affine=True, track_running_stats=True)",1x40x28x28,1x40x28x28,80,80,,,,,,,,True,100,0.41248,0.0343,0.377873,0.530064,0.397952,0.490597,0,0,1777375489.6654365
54,features.3.1.block.0.0,Conv2d,"Conv2d(40, 240, kernel_size=(1, 1), stride=(1, 1), bias=False)",1x40x28x28,1x240x28x28,9600,9600,40,240,1x1,1x1,0x0,1x1,1,False,100,0.813999,0.042835,0.726787,0.960229,0.795409,0.892629,0,0,1777375489.666469
55,features.3.1.block.0.1,BatchNorm2d,"BatchNorm2d(240, eps=1e-05, momentum=0.1, affine=True, track_running_stats=True)",1x240x28x28,1x240x28x28,480,480,,,,,,,,True,100,0.428943,0.025303,0.389644,0.582981,0.422614,0.48287,0,0,1777375489.667018
56,features.3.1.block.0.2,SiLU,SiLU(inplace=True),1x240x28x28,1x240x28x28,0,0,,,,,,,,False,100,0.254507,0.026146,0.226515,0.350425,0.242427,0.303777,0,0,1777375489.6674206
57,features.3.1.block.1.0,Conv2d,"Conv2d(240, 240, kernel_size=(5, 5), stride=(1, 1), padding=(2, 2), groups=240, bias=False)",1x240x28x28,1x240x28x28,6000,6000,240,240,5x5,1x1,2x2,1x1,240,False,100,1.861382,0.097183,1.831811,2.801781,1.846265,1.901935,0,0,1777375489.6703556
58,features.3.1.block.1.1,BatchNorm2d,"BatchNorm2d(240, eps=1e-05, momentum=0.1, affine=True, track_running_stats=True)",1x240x28x28,1x240x28x28,480,480,,,,,,,,True,100,0.423829,0.031016,0.383394,0.546574,0.414176,0.495493,0,0,1777375489.6710753
59,features.3.1.block.1.2,SiLU,SiLU(inplace=True),1x240x28x28,1x240x28x28,0,0,,,,,,,,False,100,0.249388,0.031784,0.217348,0.456572,0.254849,0.302236,0,0,1777375489.671534
60,features.3.1.block.2.avgpool,AdaptiveAvgPool2d,AdaptiveAvgPool2d(output_size=1),1x240x28x28,1x240x1x1,0,0,,,,,,,,False,100,0.307428,0.043862,0.272558,0.604909,0.28873,0.356086,0,0,1777375489.6721172
61,features.3.1.block.2.fc1,Conv2d,"Conv2d(240, 10, kernel_size=(1, 1), stride=(1, 1))",1x240x1x1,1x10x1x1,2410,2410,240,10,1x1,1x1,0x0,1x1,1,True,100,0.701621,0.077576,0.616681,0.955489,0.667724,0.840076,0,0,1777375489.6731055
62,features.3.1.block.2.activation,SiLU,SiLU(inplace=True),1x10x1x1,1x10x1x1,0,0,,,,,,,,False,100,0.242637,0.02902,0.210994,0.323496,0.228078,0.288926,0,0,1777375489.6735294
63,features.3.1.block.2.fc2,Conv2d,"Conv2d(10, 240, kernel_size=(1, 1), stride=(1, 1))",1x10x1x1,1x240x1x1,2640,2640,10,240,1x1,1x1,0x0,1x1,1,True,100,0.654386,0.076262,0.579023,1.024242,0.614362,0.776111,0,0,1777375489.6743956
64,features.3.1.block.2.scale_activation,Sigmoid,Sigmoid(),1x240x1x1,1x240x1x1,0,0,,,,,,,,False,100,0.251255,0.028492,0.222974,0.343133,0.235942,0.309302,0,0,1777375489.6748261
65,features.3.1.block.3.0,Conv2d,"Conv2d(240, 40, kernel_size=(1, 1), stride=(1, 1), bias=False)",1x240x28x28,1x40x28x28,9600,9600,240,40,1x1,1x1,0x0,1x1,1,False,100,0.781455,0.037194,0.734964,0.877467,0.773846,0.849063,0,0,1777375489.676002
66,features.3.1.block.3.1,BatchNorm2d,"BatchNorm2d(40, eps=1e-05, momentum=0.1, affine=True, track_running_stats=True)",1x40x28x28,1x40x28x28,80,80,,,,,,,,True,100,0.413444,0.037792,0.374175,0.610638,0.398472,0.47458,0,0,1777375489.676587
67,features.3.1.stochastic_depth,StochasticDepth,"StochasticDepth(p=0.05, mode=row)",1x40x28x28,1x40x28x28,0,0,,,,,,,,False,100,0.141157,0.023442,0.131982,0.347195,0.137685,0.143868,0,0,1777375489.6768882
68,features.4.0.block.0.0,Conv2d,"Conv2d(40, 240, kernel_size=(1, 1), stride=(1, 1), bias=False)",1x40x28x28,1x240x28x28,9600,9600,40,240,1x1,1x1,0x0,1x1,1,False,100,0.82126,0.048081,0.74335,1.074399,0.812987,0.898887,0,0,1777375489.678177
69,features.4.0.block.0.1,BatchNorm2d,"BatchNorm2d(240, eps=1e-05, momentum=0.1, affine=True, track_running_stats=True)",1x240x28x28,1x240x28x28,480,480,,,,,,,,True,100,0.462656,0.176213,0.401363,2.092338,0.430895,0.50292,0,0,1777375489.6787477
70,features.4.0.block.0.2,SiLU,SiLU(inplace=True),1x240x28x28,1x240x28x28,0,0,,,,,,,,False,100,0.25846,0.040267,0.225265,0.571627,0.247713,0.310296,0,0,1777375489.679163
71,features.4.0.block.1.0,Conv2d,"Conv2d(240, 240, kernel_size=(3, 3), stride=(2, 2), padding=(1, 1), groups=240, bias=False)",1x240x28x28,1x240x14x14,2160,2160,240,240,3x3,2x2,1x1,1x1,240,False,100,0.432139,0.038309,0.378758,0.75908,0.425374,0.474177,0,0,1777375489.6798294
72,features.4.0.block.1.1,BatchNorm2d,"BatchNorm2d(240, eps=1e-05, momentum=0.1, affine=True, track_running_stats=True)",1x240x14x14,1x240x14x14,480,480,,,,,,,,True,100,0.393946,0.067698,0.355529,0.97747,0.373628,0.464604,0,0,1777375489.6803906
73,features.4.0.block.1.2,SiLU,SiLU(inplace=True),1x240x14x14,1x240x14x14,0,0,,,,,,,,False,100,0.237869,0.031986,0.208859,0.395217,0.221073,0.312668,0,0,1777375489.680785
74,features.4.0.block.2.avgpool,AdaptiveAvgPool2d,AdaptiveAvgPool2d(output_size=1),1x240x14x14,1x240x1x1,0,0,,,,,,,,False,100,0.314035,0.143861,0.268287,1.65738,0.281751,0.350669,0,0,1777375489.6812706
75,features.4.0.block.2.fc1,Conv2d,"Conv2d(240, 10, kernel_size=(1, 1), stride=(1, 1))",1x240x1x1,1x10x1x1,2410,2410,240,10,1x1,1x1,0x0,1x1,1,True,100,0.693118,0.063723,0.619284,0.835956,0.658479,0.808724,0,0,1777375489.6821692
76,features.4.0.block.2.activation,SiLU,SiLU(inplace=True),1x10x1x1,1x10x1x1,0,0,,,,,,,,False,100,0.240721,0.026626,0.211827,0.298027,0.227583,0.291546,0,0,1777375489.6825755
77,features.4.0.block.2.fc2,Conv2d,"Conv2d(10, 240, kernel_size=(1, 1), stride=(1, 1))",1x10x1x1,1x240x1x1,2640,2640,10,240,1x1,1x1,0x0,1x1,1,True,100,0.64505,0.063817,0.577929,0.84606,0.61668,0.747629,0,0,1777375489.6834195
78,features.4.0.block.2.scale_activation,Sigmoid,Sigmoid(),1x240x1x1,1x240x1x1,0,0,,,,,,,,False,100,0.246965,0.025053,0.22339,0.360373,0.233938,0.282449,0,0,1777375489.6839213
79,features.4.0.block.3.0,Conv2d,"Conv2d(240, 80, kernel_size=(1, 1), stride=(1, 1), bias=False)",1x240x14x14,1x80x14x14,19200,19200,240,80,1x1,1x1,0x0,1x1,1,False,100,0.555992,0.027794,0.516366,0.643868,0.545949,0.605159,0,0,1777375489.6849868
80,features.4.0.block.3.1,BatchNorm2d,"BatchNorm2d(80, eps=1e-05, momentum=0.1, affine=True, track_running_stats=True)",1x80x14x14,1x80x14x14,160,160,,,,,,,,True,100,0.398306,0.026547,0.366884,0.525636,0.387249,0.431376,0,0,1777375489.6855986
81,features.4.1.block.0.0,Conv2d,"Conv2d(80, 480, kernel_size=(1, 1), stride=(1, 1), bias=False)",1x80x14x14,1x480x14x14,38400,38400,80,480,1x1,1x1,0x0,1x1,1,False,100,0.728783,0.02954,0.687776,0.808508,0.718609,0.77072,0,0,1777375489.686614
82,features.4.1.block.0.1,BatchNorm2d,"BatchNorm2d(480, eps=1e-05, momentum=0.1, affine=True, track_running_stats=True)",1x480x14x14,1x480x14x14,960,960,,,,,,,,True,100,0.394795,0.036943,0.360477,0.497771,0.374045,0.481369,0,0,1777375489.687167
83,features.4.1.block.0.2,SiLU,SiLU(inplace=True),1x480x14x14,1x480x14x14,0,0,,,,,,,,False,100,0.242768,0.024387,0.217921,0.332612,0.2305,0.28084,0,0,1777375489.6875794
84,features.4.1.block.1.0,Conv2d,"Conv2d(480, 480, kernel_size=(3, 3), stride=(1, 1), padding=(1, 1), groups=480, bias=False)",1x480x14x14,1x480x14x14,4320,4320,480,480,3x3,1x1,1x1,1x1,480,False,100,0.591907,0.019254,0.574179,0.691838,0.5878,0.642619,0,0,1777375489.6884027
85,features.4.1.block.1.1,BatchNorm2d,"BatchNorm2d(480, eps=1e-05, momentum=0.1, affine=True, track_running_stats=True)",1x480x14x14,1x480x14x14,960,960,,,,,,,,True,100,0.383742,0.027271,0.35157,0.463499,0.371363,0.435041,0,0,1777375489.6889563
86,features.4.1.block.1.2,SiLU,SiLU(inplace=True),1x480x14x14,1x480x14x14,0,0,,,,,,,,False,100,0.23805,0.033054,0.211411,0.428863,0.222114,0.294965,0,0,1777375489.689351
87,features.4.1.block.2.avgpool,AdaptiveAvgPool2d,AdaptiveAvgPool2d(output_size=1),1x480x14x14,1x480x1x1,0,0,,,,,,,,False,100,0.295841,0.028845,0.263547,0.426989,0.283704,0.350896,0,0,1777375489.6898422
88,features.4.1.block.2.fc1,Conv2d,"Conv2d(480, 20, kernel_size=(1, 1), stride=(1, 1))",1x480x1x1,1x20x1x1,9620,9620,480,20,1x1,1x1,0x0,1x1,1,True,100,0.676447,0.063711,0.604909,0.84304,0.642306,0.780422,0,0,1777375489.6907454
89,features.4.1.block.2.activation,SiLU,SiLU(inplace=True),1x20x1x1,1x20x1x1,0,0,,,,,,,,False,100,0.243816,0.055839,0.210317,0.672358,0.22089,0.316044,0,0,1777375489.6911516
90,features.4.1.block.2.fc2,Conv2d,"Conv2d(20, 480, kernel_size=(1, 1), stride=(1, 1))",1x20x1x1,1x480x1x1,10080,10080,20,480,1x1,1x1,0x0,1x1,1,True,100,0.649846,0.076065,0.566158,1.00148,0.620248,0.784343,0,0,1777375489.6920707
91,features.4.1.block.2.scale_activation,Sigmoid,Sigmoid(),1x480x1x1,1x480x1x1,0,0,,,,,,,,False,100,0.247676,0.027356,0.221307,0.348914,0.231541,0.296999,0,0,1777375489.6924956
92,features.4.1.block.3.0,Conv2d,"Conv2d(480, 80, kernel_size=(1, 1), stride=(1, 1), bias=False)",1x480x14x14,1x80x14x14,38400,38400,480,80,1x1,1x1,0x0,1x1,1,False,100,0.731359,0.03823,0.687307,0.950281,0.715693,0.788882,0,0,1777375489.6936536
93,features.4.1.block.3.1,BatchNorm2d,"BatchNorm2d(80, eps=1e-05, momentum=0.1, affine=True, track_running_stats=True)",1x80x14x14,1x80x14x14,160,160,,,,,,,,True,100,0.407427,0.0435,0.367092,0.67413,0.388863,0.478599,0,0,1777375489.6942205
94,features.4.1.stochastic_depth,StochasticDepth,"StochasticDepth(p=0.07500000000000001, mode=row)",1x80x14x14,1x80x14x14,0,0,,,,,,,,False,100,0.138129,0.010447,0.131617,0.211358,0.136435,0.142196,0,0,1777375489.694527
95,features.4.2.block.0.0,Conv2d,"Conv2d(80, 480, kernel_size=(1, 1), stride=(1, 1), bias=False)",1x80x14x14,1x480x14x14,38400,38400,80,480,1x1,1x1,0x0,1x1,1,False,100,0.740715,0.036263,0.689495,0.847623,0.726943,0.817442,0,0,1777375489.6956782
96,features.4.2.block.0.1,BatchNorm2d,"BatchNorm2d(480, eps=1e-05, momentum=0.1, affine=True, track_running_stats=True)",1x480x14x14,1x480x14x14,960,960,,,,,,,,True,100,0.397077,0.028915,0.3623,0.495063,0.384331,0.444723,0,0,1777375489.696308
97,features.4.2.block.0.2,SiLU,SiLU(inplace=True),1x480x14x14,1x480x14x14,0,0,,,,,,,,False,100,0.244028,0.028417,0.217088,0.34157,0.22951,0.313353,0,0,1777375489.6967041
98,features.4.2.block.1.0,Conv2d,"Conv2d(480, 480, kernel_size=(3, 3), stride=(1, 1), padding=(1, 1), groups=480, bias=False)",1x480x14x14,1x480x14x14,4320,4320,480,480,3x3,1x1,1x1,1x1,480,False,100,0.600064,0.091675,0.572043,1.497377,0.587617,0.64497,0,0,1777375489.6974268
99,features.4.2.block.1.1,BatchNorm2d,"BatchNorm2d(480, eps=1e-05, momentum=0.1, affine=True, track_running_stats=True)",1x480x14x14,1x480x14x14,960,960,,,,,,,,True,100,0.386769,0.037576,0.351258,0.627566,0.373445,0.443978,0,0,1777375489.6979558
100,features.4.2.block.1.2,SiLU,SiLU(inplace=True),1x480x14x14,1x480x14x14,0,0,,,,,,,,False,100,0.236805,0.024892,0.210786,0.331153,0.223313,0.279153,0,0,1777375489.6983397
101,features.4.2.block.2.avgpool,AdaptiveAvgPool2d,AdaptiveAvgPool2d(output_size=1),1x480x14x14,1x480x1x1,0,0,,,,,,,,False,100,0.296338,0.028255,0.266413,0.386623,0.282689,0.34674,0,0,1777375489.6988428
102,features.4.2.block.2.fc1,Conv2d,"Conv2d(480, 20, kernel_size=(1, 1), stride=(1, 1))",1x480x1x1,1x20x1x1,9620,9620,480,20,1x1,1x1,0x0,1x1,1,True,100,0.674923,0.065304,0.604284,0.806945,0.650354,0.793335,0,0,1777375489.6997182
103,features.4.2.block.2.activation,SiLU,SiLU(inplace=True),1x20x1x1,1x20x1x1,0,0,,,,,,,,False,100,0.234571,0.025548,0.209327,0.321466,0.219667,0.277118,0,0,1777375489.7002022
104,features.4.2.block.2.fc2,Conv2d,"Conv2d(20, 480, kernel_size=(1, 1), stride=(1, 1))",1x20x1x1,1x480x1x1,10080,10080,20,480,1x1,1x1,0x0,1x1,1,True,100,0.647595,0.066255,0.569335,0.807987,0.623243,0.764709,0,0,1777375489.70105
105,features.4.2.block.2.scale_activation,Sigmoid,Sigmoid(),1x480x1x1,1x480x1x1,0,0,,,,,,,,False,100,0.247569,0.028065,0.220682,0.346414,0.232141,0.292103,0,0,1777375489.701466
106,features.4.2.block.3.0,Conv2d,"Conv2d(480, 80, kernel_size=(1, 1), stride=(1, 1), bias=False)",1x480x14x14,1x80x14x14,38400,38400,480,80,1x1,1x1,0x0,1x1,1,False,100,0.731891,0.048018,0.687568,1.088462,0.718167,0.777444,0,0,1777375489.7025814
107,features.4.2.block.3.1,BatchNorm2d,"BatchNorm2d(80, eps=1e-05, momentum=0.1, affine=True, track_running_stats=True)",1x80x14x14,1x80x14x14,160,160,,,,,,,,True,100,0.420041,0.143541,0.369435,1.806238,0.394332,0.47754,0,0,1777375489.703132
108,features.4.2.stochastic_depth,StochasticDepth,"StochasticDepth(p=0.08750000000000001, mode=row)",1x80x14x14,1x80x14x14,0,0,,,,,,,,False,100,0.134055,0.012875,0.125628,0.234329,0.131669,0.139613,0,0,1777375489.7034154
109,features.5.0.block.0.0,Conv2d,"Conv2d(80, 480, kernel_size=(1, 1), stride=(1, 1), bias=False)",1x80x14x14,1x480x14x14,38400,38400,80,480,1x1,1x1,0x0,1x1,1,False,100,0.740278,0.037829,0.692932,0.905593,0.723713,0.796835,0,0,1777375489.7046418
110,features.5.0.block.0.1,BatchNorm2d,"BatchNorm2d(480, eps=1e-05, momentum=0.1, affine=True, track_running_stats=True)",1x480x14x14,1x480x14x14,960,960,,,,,,,,True,100,0.412151,0.134571,0.363081,1.710766,0.385686,0.473344,0,0,1777375489.7051914
111,features.5.0.block.0.2,SiLU,SiLU(inplace=True),1x480x14x14,1x480x14x14,0,0,,,,,,,,False,100,0.241345,0.022901,0.216672,0.326101,0.229692,0.279912,0,0,1777375489.705585
112,features.5.0.block.1.0,Conv2d,"Conv2d(480, 480, kernel_size=(5, 5), stride=(1, 1), padding=(2, 2), groups=480, bias=False)",1x480x14x14,1x480x14x14,12000,12000,480,480,5x5,1x1,2x2,1x1,480,False,100,1.047069,0.019657,1.027992,1.139713,1.043122,1.094056,0,0,1777375489.7067626
113,features.5.0.block.1.1,BatchNorm2d,"BatchNorm2d(480, eps=1e-05, momentum=0.1, affine=True, track_running_stats=True)",1x480x14x14,1x480x14x14,960,960,,,,,,,,True,100,0.389429,0.033731,0.352977,0.500584,0.380242,0.462935,0,0,1777375489.7072868
114,features.5.0.block.1.2,SiLU,SiLU(inplace=True),1x480x14x14,1x480x14x14,0,0,,,,,,,,False,100,0.23965,0.034309,0.209692,0.447406,0.22287,0.302935,0,0,1777375489.7076724
115,features.5.0.block.2.avgpool,AdaptiveAvgPool2d,AdaptiveAvgPool2d(output_size=1),1x480x14x14,1x480x1x1,0,0,,,,,,,,False,100,0.299332,0.045524,0.265579,0.649598,0.282792,0.348883,0,0,1777375489.708216
116,features.5.0.block.2.fc1,Conv2d,"Conv2d(480, 20, kernel_size=(1, 1), stride=(1, 1))",1x480x1x1,1x20x1x1,9620,9620,480,20,1x1,1x1,0x0,1x1,1,True,100,0.683982,0.073525,0.59918,0.906531,0.654052,0.811541,0,0,1777375489.7090871
117,features.5.0.block.2.activation,SiLU,SiLU(inplace=True),1x20x1x1,1x20x1x1,0,0,,,,,,,,False,100,0.238079,0.031895,0.208755,0.41553,0.221437,0.279422,0,0,1777375489.7094882
118,features.5.0.block.2.fc2,Conv2d,"Conv2d(20, 480, kernel_size=(1, 1), stride=(1, 1))",1x20x1x1,1x480x1x1,10080,10080,20,480,1x1,1x1,0x0,1x1,1,True,100,0.644051,0.069568,0.568554,0.833769,0.6103,0.768293,0,0,1777375489.7103143
119,features.5.0.block.2.scale_activation,Sigmoid,Sigmoid(),1x480x1x1,1x480x1x1,0,0,,,,,,,,False,100,0.248473,0.026896,0.22188,0.330893,0.231853,0.299986,0,0,1777375489.7107244
120,features.5.0.block.3.0,Conv2d,"Conv2d(480, 112, kernel_size=(1, 1), stride=(1, 1), bias=False)",1x480x14x14,1x112x14x14,53760,53760,480,112,1x1,1x1,0x0,1x1,1,False,100,0.808536,0.034574,0.761215,0.904707,0.796658,0.871037,0,0,1777375489.7118938
121,features.5.0.block.3.1,BatchNorm2d,"BatchNorm2d(112, eps=1e-05, momentum=0.1, affine=True, track_running_stats=True)",1x112x14x14,1x112x14x14,224,224,,,,,,,,True,100,0.405836,0.039148,0.368342,0.658713,0.393342,0.455114,0,0,1777375489.7124405
122,features.5.1.block.0.0,Conv2d,"Conv2d(112, 672, kernel_size=(1, 1), stride=(1, 1), bias=False)",1x112x14x14,1x672x14x14,75264,75264,112,672,1x1,1x1,0x0,1x1,1,False,100,0.945025,0.059776,0.894864,1.400447,0.925359,1.028009,0,0,1777375489.713602
123,features.5.1.block.0.1,BatchNorm2d,"BatchNorm2d(672, eps=1e-05, momentum=0.1, affine=True, track_running_stats=True)",1x672x14x14,1x672x14x14,1344,1344,,,,,,,,True,100,0.395256,0.042388,0.35355,0.615274,0.378499,0.478047,0,0,1777375489.7141285
124,features.5.1.block.0.2,SiLU,SiLU(inplace=True),1x672x14x14,1x672x14x14,0,0,,,,,,,,False,100,0.249844,0.064387,0.218755,0.846842,0.230839,0.287712,0,0,1777375489.7145197
125,features.5.1.block.1.0,Conv2d,"Conv2d(672, 672, kernel_size=(5, 5), stride=(1, 1), padding=(2, 2), groups=672, bias=False)",1x672x14x14,1x672x14x14,16800,16800,672,672,5x5,1x1,2x2,1x1,672,False,100,1.365277,0.019097,1.34253,1.469772,1.361879,1.390677,0,0,1777375489.7160153
126,features.5.1.block.1.1,BatchNorm2d,"BatchNorm2d(672, eps=1e-05, momentum=0.1, affine=True, track_running_stats=True)",1x672x14x14,1x672x14x14,1344,1344,,,,,,,,True,100,0.387224,0.030355,0.350893,0.469385,0.376154,0.449846,0,0,1777375489.716533
127,features.5.1.block.1.2,SiLU,SiLU(inplace=True),1x672x14x14,1x672x14x14,0,0,,,,,,,,False,100,0.235284,0.02614,0.210682,0.335685,0.220734,0.280797,0,0,1777375489.7169116
128,features.5.1.block.2.avgpool,AdaptiveAvgPool2d,AdaptiveAvgPool2d(output_size=1),1x672x14x14,1x672x1x1,0,0,,,,,,,,False,100,0.296304,0.028163,0.263652,0.415426,0.284669,0.341054,0,0,1777375489.7173786
129,features.5.1.block.2.fc1,Conv2d,"Conv2d(672, 28, kernel_size=(1, 1), stride=(1, 1))",1x672x1x1,1x28x1x1,18844,18844,672,28,1x1,1x1,0x0,1x1,1,True,100,0.679979,0.06806,0.597201,0.841633,0.649832,0.798509,0,0,1777375489.7182288
130,features.5.1.block.2.activation,SiLU,SiLU(inplace=True),1x28x1x1,1x28x1x1,0,0,,,,,,,,False,100,0.236429,0.029515,0.210369,0.332038,0.219718,0.292608,0,0,1777375489.718628
131,features.5.1.block.2.fc2,Conv2d,"Conv2d(28, 672, kernel_size=(1, 1), stride=(1, 1))",1x28x1x1,1x672x1x1,19488,19488,28,672,1x1,1x1,0x0,1x1,1,True,100,0.637918,0.065447,0.564596,0.789497,0.604362,0.748818,0,0,1777375489.7194428
132,features.5.1.block.2.scale_activation,Sigmoid,Sigmoid(),1x672x1x1,1x672x1x1,0,0,,,,,,,,False,100,0.250257,0.031148,0.219744,0.365269,0.231802,0.314835,0,0,1777375489.7199125
133,features.5.1.block.3.0,Conv2d,"Conv2d(672, 112, kernel_size=(1, 1), stride=(1, 1), bias=False)",1x672x14x14,1x112x14x14,75264,75264,672,112,1x1,1x1,0x0,1x1,1,False,100,0.955644,0.037974,0.907832,1.073826,0.939239,1.022715,0,0,1777375489.7212675
134,features.5.1.block.3.1,BatchNorm2d,"BatchNorm2d(112, eps=1e-05, momentum=0.1, affine=True, track_running_stats=True)",1x112x14x14,1x112x14x14,224,224,,,,,,,,True,100,0.406284,0.037151,0.367664,0.65939,0.395504,0.449229,0,0,1777375489.721829
135,features.5.1.stochastic_depth,StochasticDepth,"StochasticDepth(p=0.1125, mode=row)",1x112x14x14,1x112x14x14,0,0,,,,,,,,False,100,0.138599,0.016876,0.127451,0.241932,0.135185,0.145709,0,0,1777375489.722119
136,features.5.2.block.0.0,Conv2d,"Conv2d(112, 672, kernel_size=(1, 1), stride=(1, 1), bias=False)",1x112x14x14,1x672x14x14,75264,75264,112,672,1x1,1x1,0x0,1x1,1,False,100,0.981128,0.242079,0.905332,3.35622,0.943928,1.03776,0,0,1777375489.7234464
137,features.5.2.block.0.1,BatchNorm2d,"BatchNorm2d(672, eps=1e-05, momentum=0.1, affine=True, track_running_stats=True)",1x672x14x14,1x672x14x14,1344,1344,,,,,,,,True,100,0.414522,0.169105,0.362612,2.061869,0.383419,0.476383,0,0,1777375489.724054
138,features.5.2.block.0.2,SiLU,SiLU(inplace=True),1x672x14x14,1x672x14x14,0,0,,,,,,,,False,100,0.258705,0.087685,0.217922,0.990855,0.233651,0.328633,0,0,1777375489.724451
139,features.5.2.block.1.0,Conv2d,"Conv2d(672, 672, kernel_size=(5, 5), stride=(1, 1), padding=(2, 2), groups=672, bias=False)",1x672x14x14,1x672x14x14,16800,16800,672,672,5x5,1x1,2x2,1x1,672,False,100,1.368772,0.020193,1.345811,1.432271,1.362165,1.416779,0,0,1777375489.7259452
140,features.5.2.block.1.1,BatchNorm2d,"BatchNorm2d(672, eps=1e-05, momentum=0.1, affine=True, track_running_stats=True)",1x672x14x14,1x672x14x14,1344,1344,,,,,,,,True,100,0.390835,0.04796,0.353133,0.711995,0.373966,0.465927,0,0,1777375489.7264752
141,features.5.2.block.1.2,SiLU,SiLU(inplace=True),1x672x14x14,1x672x14x14,0,0,,,,,,,,False,100,0.23892,0.027025,0.210369,0.350425,0.22412,0.282831,0,0,1777375489.7268615
142,features.5.2.block.2.avgpool,AdaptiveAvgPool2d,AdaptiveAvgPool2d(output_size=1),1x672x14x14,1x672x1x1,0,0,,,,,,,,False,100,0.297565,0.02836,0.26412,0.388133,0.286387,0.349846,0,0,1777375489.7273312
143,features.5.2.block.2.fc1,Conv2d,"Conv2d(672, 28, kernel_size=(1, 1), stride=(1, 1))",1x672x1x1,1x28x1x1,18844,18844,672,28,1x1,1x1,0x0,1x1,1,True,100,0.686358,0.074032,0.593243,0.940542,0.670744,0.803361,0,0,1777375489.72825
144,features.5.2.block.2.activation,SiLU,SiLU(inplace=True),1x28x1x1,1x28x1x1,0,0,,,,,,,,False,100,0.241004,0.031239,0.211931,0.377664,0.223755,0.2853,0,0,1777375489.7286553
145,features.5.2.block.2.fc2,Conv2d,"Conv2d(28, 672, kernel_size=(1, 1), stride=(1, 1))",1x28x1x1,1x672x1x1,19488,19488,28,672,1x1,1x1,0x0,1x1,1,True,100,0.649495,0.065789,0.569335,0.795903,0.617618,0.766546,0,0,1777375489.7294853
146,features.5.2.block.2.scale_activation,Sigmoid,Sigmoid(),1x672x1x1,1x672x1x1,0,0,,,,,,,,False,100,0.24892,0.027378,0.221411,0.372561,0.234407,0.282839,0,0,1777375489.7298965
147,features.5.2.block.3.0,Conv2d,"Conv2d(672, 112, kernel_size=(1, 1), stride=(1, 1), bias=False)",1x672x14x14,1x112x14x14,75264,75264,672,112,1x1,1x1,0x0,1x1,1,False,100,0.963618,0.051649,0.910749,1.22159,0.947468,1.044098,0,0,1777375489.7312047
148,features.5.2.block.3.1,BatchNorm2d,"BatchNorm2d(112, eps=1e-05, momentum=0.1, affine=True, track_running_stats=True)",1x112x14x14,1x112x14x14,224,224,,,,,,,,True,100,0.414546,0.052225,0.368706,0.720485,0.396076,0.495553,0,0,1777375489.7318616
149,features.5.2.stochastic_depth,StochasticDepth,"StochasticDepth(p=0.125, mode=row)",1x112x14x14,1x112x14x14,0,0,,,,,,,,False,100,0.134295,0.015364,0.125471,0.259797,0.131174,0.141108,0,0,1777375489.7321644
150,features.6.0.block.0.0,Conv2d,"Conv2d(112, 672, kernel_size=(1, 1), stride=(1, 1), bias=False)",1x112x14x14,1x672x14x14,75264,75264,112,672,1x1,1x1,0x0,1x1,1,False,100,0.957906,0.041069,0.90351,1.105754,0.945542,1.034114,0,0,1777375489.7335258
151,features.6.0.block.0.1,BatchNorm2d,"BatchNorm2d(672, eps=1e-05, momentum=0.1, affine=True, track_running_stats=True)",1x672x14x14,1x672x14x14,1344,1344,,,,,,,,True,100,0.414583,0.15739,0.361779,1.945355,0.384618,0.471575,0,0,1777375489.7340674
152,features.6.0.block.0.2,SiLU,SiLU(inplace=True),1x672x14x14,1x672x14x14,0,0,,,,,,,,False,100,0.245462,0.028821,0.217297,0.354643,0.229641,0.289386,0,0,1777375489.7344632
153,features.6.0.block.1.0,Conv2d,"Conv2d(672, 672, kernel_size=(5, 5), stride=(2, 2), padding=(2, 2), groups=672, bias=False)",1x672x14x14,1x672x7x7,16800,16800,672,672,5x5,2x2,2x2,1x1,672,False,100,0.619944,0.110954,0.581159,1.701236,0.603972,0.672789,0,0,1777375489.7351944
154,features.6.0.block.1.1,BatchNorm2d,"BatchNorm2d(672, eps=1e-05, momentum=0.1, affine=True, track_running_stats=True)",1x672x7x7,1x672x7x7,1344,1344,,,,,,,,True,100,0.391782,0.056355,0.348914,0.788611,0.374566,0.463751,0,0,1777375489.735717
155,features.6.0.block.1.2,SiLU,SiLU(inplace=True),1x672x7x7,1x672x7x7,0,0,,,,,,,,False,100,0.239223,0.02984,0.208598,0.358289,0.224875,0.28977,0,0,1777375489.736162
156,features.6.0.block.2.avgpool,AdaptiveAvgPool2d,AdaptiveAvgPool2d(output_size=1),1x672x7x7,1x672x1x1,0,0,,,,,,,,False,100,0.29769,0.029466,0.26386,0.383081,0.284355,0.346273,0,0,1777375489.7366319
157,features.6.0.block.2.fc1,Conv2d,"Conv2d(672, 28, kernel_size=(1, 1), stride=(1, 1))",1x672x1x1,1x28x1x1,18844,18844,672,28,1x1,1x1,0x0,1x1,1,True,100,0.690248,0.074731,0.597722,0.924082,0.679547,0.811734,0,0,1777375489.737486
158,features.6.0.block.2.activation,SiLU,SiLU(inplace=True),1x28x1x1,1x28x1x1,0,0,,,,,,,,False,100,0.238998,0.026699,0.211099,0.333341,0.227037,0.280574,0,0,1777375489.7378874
159,features.6.0.block.2.fc2,Conv2d,"Conv2d(28, 672, kernel_size=(1, 1), stride=(1, 1))",1x28x1x1,1x672x1x1,19488,19488,28,672,1x1,1x1,0x0,1x1,1,True,100,0.649566,0.068363,0.569284,0.816164,0.627097,0.767369,0,0,1777375489.7387125
160,features.6.0.block.2.scale_activation,Sigmoid,Sigmoid(),1x672x1x1,1x672x1x1,0,0,,,,,,,,False,100,0.247334,0.025839,0.221828,0.327507,0.23274,0.28128,0,0,1777375489.7391183
161,features.6.0.block.3.0,Conv2d,"Conv2d(672, 192, kernel_size=(1, 1), stride=(1, 1), bias=False)",1x672x7x7,1x192x7x7,129024,129024,672,192,1x1,1x1,0x0,1x1,1,False,100,0.660495,0.037938,0.608139,0.758038,0.651421,0.719979,0,0,1777375489.7401972
162,features.6.0.block.3.1,BatchNorm2d,"BatchNorm2d(192, eps=1e-05, momentum=0.1, affine=True, track_running_stats=True)",1x192x7x7,1x192x7x7,384,384,,,,,,,,True,100,0.422378,0.168138,0.368758,2.064733,0.396675,0.472567,0,0,1777375489.740747
163,features.6.1.block.0.0,Conv2d,"Conv2d(192, 1152, kernel_size=(1, 1), stride=(1, 1), bias=False)",1x192x7x7,1x1152x7x7,221184,221184,192,1152,1x1,1x1,0x0,1x1,1,False,100,0.840744,0.047863,0.787153,1.127004,0.824054,0.911971,0,0,1777375489.7417955
164,features.6.1.block.0.1,BatchNorm2d,"BatchNorm2d(1152, eps=1e-05, momentum=0.1, affine=True, track_running_stats=True)",1x1152x7x7,1x1152x7x7,2304,2304,,,,,,,,True,100,0.400307,0.063021,0.352247,0.732777,0.378602,0.514241,0,0,1777375489.7423205
165,features.6.1.block.0.2,SiLU,SiLU(inplace=True),1x1152x7x7,1x1152x7x7,0,0,,,,,,,,False,100,0.252739,0.070279,0.215838,0.862675,0.229874,0.292237,0,0,1777375489.7427056
166,features.6.1.block.1.0,Conv2d,"Conv2d(1152, 1152, kernel_size=(5, 5), stride=(1, 1), padding=(2, 2), groups=1152, bias=False)",1x1152x7x7,1x1152x7x7,28800,28800,1152,1152,5x5,1x1,2x2,1x1,1152,False,100,0.724062,0.026323,0.700744,0.874134,0.717829,0.781223,0,0,1777375489.7435503
167,features.6.1.block.1.1,BatchNorm2d,"BatchNorm2d(1152, eps=1e-05, momentum=0.1, affine=True, track_running_stats=True)",1x1152x7x7,1x1152x7x7,2304,2304,,,,,,,,True,100,0.389679,0.036515,0.350581,0.49824,0.379591,0.466661,0,0,1777375489.7441337
168,features.6.1.block.1.2,SiLU,SiLU(inplace=True),1x1152x7x7,1x1152x7x7,0,0,,,,,,,,False,100,0.238155,0.030718,0.207765,0.382195,0.222062,0.292046,0,0,1777375489.744518
169,features.6.1.block.2.avgpool,AdaptiveAvgPool2d,AdaptiveAvgPool2d(output_size=1),1x1152x7x7,1x1152x1x1,0,0,,,,,,,,False,100,0.32638,0.034254,0.300476,0.57095,0.314851,0.379748,0,0,1777375489.7450035
170,features.6.1.block.2.fc1,Conv2d,"Conv2d(1152, 48, kernel_size=(1, 1), stride=(1, 1))",1x1152x1x1,1x48x1x1,55344,55344,1152,48,1x1,1x1,0x0,1x1,1,True,100,0.700472,0.142599,0.598138,1.887802,0.681733,0.838909,0,0,1777375489.74586
171,features.6.1.block.2.activation,SiLU,SiLU(inplace=True),1x48x1x1,1x48x1x1,0,0,,,,,,,,False,100,0.241415,0.030482,0.211255,0.350476,0.230943,0.289722,0,0,1777375489.7462604
172,features.6.1.block.2.fc2,Conv2d,"Conv2d(48, 1152, kernel_size=(1, 1), stride=(1, 1))",1x48x1x1,1x1152x1x1,56448,56448,48,1152,1x1,1x1,0x0,1x1,1,True,100,0.592881,0.063552,0.521886,0.866946,0.581914,0.698593,0,0,1777375489.7469933
173,features.6.1.block.2.scale_activation,Sigmoid,Sigmoid(),1x1152x1x1,1x1152x1x1,0,0,,,,,,,,False,100,0.249986,0.028501,0.219379,0.349071,0.233104,0.298889,0,0,1777375489.7474089
174,features.6.1.block.3.0,Conv2d,"Conv2d(1152, 192, kernel_size=(1, 1), stride=(1, 1), bias=False)",1x1152x7x7,1x192x7x7,221184,221184,1152,192,1x1,1x1,0x0,1x1,1,False,100,0.82295,0.035349,0.776997,0.940021,0.810278,0.884989,0,0,1777375489.7486281
175,features.6.1.block.3.1,BatchNorm2d,"BatchNorm2d(192, eps=1e-05, momentum=0.1, affine=True, track_running_stats=True)",1x192x7x7,1x192x7x7,384,384,,,,,,,,True,100,0.408706,0.031871,0.369122,0.511886,0.403759,0.477477,0,0,1777375489.749181
176,features.6.1.stochastic_depth,StochasticDepth,"StochasticDepth(p=0.15000000000000002, mode=row)",1x192x7x7,1x192x7x7,0,0,,,,,,,,False,100,0.136899,0.011637,0.129534,0.245161,0.135082,0.142425,0,0,1777375489.7494721
177,features.6.2.block.0.0,Conv2d,"Conv2d(192, 1152, kernel_size=(1, 1), stride=(1, 1), bias=False)",1x192x7x7,1x1152x7x7,221184,221184,192,1152,1x1,1x1,0x0,1x1,1,False,100,0.848694,0.042697,0.798924,1.026064,0.831373,0.917817,0,0,1777375489.7506845
178,features.6.2.block.0.1,BatchNorm2d,"BatchNorm2d(1152, eps=1e-05, momentum=0.1, affine=True, track_running_stats=True)",1x1152x7x7,1x1152x7x7,2304,2304,,,,,,,,True,100,0.393963,0.029042,0.362612,0.515845,0.37993,0.437119,0,0,1777375489.7512233
179,features.6.2.block.0.2,SiLU,SiLU(inplace=True),1x1152x7x7,1x1152x7x7,0,0,,,,,,,,False,100,0.24561,0.029956,0.217974,0.374123,0.229302,0.294476,0,0,1777375489.7516117
180,features.6.2.block.1.0,Conv2d,"Conv2d(1152, 1152, kernel_size=(5, 5), stride=(1, 1), padding=(2, 2), groups=1152, bias=False)",1x1152x7x7,1x1152x7x7,28800,28800,1152,1152,5x5,1x1,2x2,1x1,1152,False,100,0.730803,0.039703,0.703193,1.030022,0.719495,0.78685,0,0,1777375489.7525222
181,features.6.2.block.1.1,BatchNorm2d,"BatchNorm2d(1152, eps=1e-05, momentum=0.1, affine=True, track_running_stats=True)",1x1152x7x7,1x1152x7x7,2304,2304,,,,,,,,True,100,0.385067,0.031295,0.350268,0.499438,0.370555,0.440226,0,0,1777375489.7530553
182,features.6.2.block.1.2,SiLU,SiLU(inplace=True),1x1152x7x7,1x1152x7x7,0,0,,,,,,,,False,100,0.237095,0.027276,0.209432,0.326778,0.222401,0.281098,0,0,1777375489.7534826
183,features.6.2.block.2.avgpool,AdaptiveAvgPool2d,AdaptiveAvgPool2d(output_size=1),1x1152x7x7,1x1152x1x1,0,0,,,,,,,,False,100,0.324589,0.021743,0.293548,0.416832,0.316179,0.377844,0,0,1777375489.7539825
184,features.6.2.block.2.fc1,Conv2d,"Conv2d(1152, 48, kernel_size=(1, 1), stride=(1, 1))",1x1152x1x1,1x48x1x1,55344,55344,1152,48,1x1,1x1,0x0,1x1,1,True,100,0.68671,0.071307,0.601264,0.910333,0.677776,0.794028,0,0,1777375489.7548828
185,features.6.2.block.2.activation,SiLU,SiLU(inplace=True),1x48x1x1,1x48x1x1,0,0,,,,,,,,False,100,0.238881,0.028219,0.209953,0.355216,0.224354,0.284262,0,0,1777375489.755291
186,features.6.2.block.2.fc2,Conv2d,"Conv2d(48, 1152, kernel_size=(1, 1), stride=(1, 1))",1x48x1x1,1x1152x1x1,56448,56448,48,1152,1x1,1x1,0x0,1x1,1,True,100,0.584957,0.068659,0.519074,0.960437,0.563476,0.683952,0,0,1777375489.756114
187,features.6.2.block.2.scale_activation,Sigmoid,Sigmoid(),1x1152x1x1,1x1152x1x1,0,0,,,,,,,,False,100,0.251738,0.031959,0.222557,0.382977,0.234511,0.324645,0,0,1777375489.7565427
188,features.6.2.block.3.0,Conv2d,"Conv2d(1152, 192, kernel_size=(1, 1), stride=(1, 1), bias=False)",1x1152x7x7,1x192x7x7,221184,221184,1152,192,1x1,1x1,0x0,1x1,1,False,100,0.823245,0.036418,0.776632,0.933666,0.807674,0.88249,0,0,1777375489.7577546
189,features.6.2.block.3.1,BatchNorm2d,"BatchNorm2d(192, eps=1e-05, momentum=0.1, affine=True, track_running_stats=True)",1x192x7x7,1x192x7x7,384,384,,,,,,,,True,100,0.406578,0.032163,0.369435,0.50798,0.394566,0.457471,0,0,1777375489.7583263
190,features.6.2.stochastic_depth,StochasticDepth,"StochasticDepth(p=0.1625, mode=row)",1x192x7x7,1x192x7x7,0,0,,,,,,,,False,100,0.134959,0.014537,0.124794,0.207035,0.131331,0.149569,0,0,1777375489.7586203
191,features.6.3.block.0.0,Conv2d,"Conv2d(192, 1152, kernel_size=(1, 1), stride=(1, 1), bias=False)",1x192x7x7,1x1152x7x7,221184,221184,192,1152,1x1,1x1,0x0,1x1,1,False,100,0.848571,0.037954,0.797725,0.946115,0.836971,0.910257,0,0,1777375489.7598984
192,features.6.3.block.0.1,BatchNorm2d,"BatchNorm2d(1152, eps=1e-05, momentum=0.1, affine=True, track_running_stats=True)",1x1152x7x7,1x1152x7x7,2304,2304,,,,,,,,True,100,0.399237,0.03689,0.360269,0.549856,0.382951,0.472164,0,0,1777375489.7604663
193,features.6.3.block.0.2,SiLU,SiLU(inplace=True),1x1152x7x7,1x1152x7x7,0,0,,,,,,,,False,100,0.243905,0.029469,0.216151,0.391676,0.228469,0.276519,0,0,1777375489.7608752
194,features.6.3.block.1.0,Conv2d,"Conv2d(1152, 1152, kernel_size=(5, 5), stride=(1, 1), padding=(2, 2), groups=1152, bias=False)",1x1152x7x7,1x1152x7x7,28800,28800,1152,1152,5x5,1x1,2x2,1x1,1152,False,100,0.740654,0.16916,0.699755,2.414741,0.719,0.781173,0,0,1777375489.7617428
195,features.6.3.block.1.1,BatchNorm2d,"BatchNorm2d(1152, eps=1e-05, momentum=0.1, affine=True, track_running_stats=True)",1x1152x7x7,1x1152x7x7,2304,2304,,,,,,,,True,100,0.394405,0.060794,0.351778,0.880592,0.375555,0.471354,0,0,1777375489.7622733
196,features.6.3.block.1.2,SiLU,SiLU(inplace=True),1x1152x7x7,1x1152x7x7,0,0,,,,,,,,False,100,0.237799,0.038329,0.208285,0.531157,0.220343,0.281473,0,0,1777375489.7626612
197,features.6.3.block.2.avgpool,AdaptiveAvgPool2d,AdaptiveAvgPool2d(output_size=1),1x1152x7x7,1x1152x1x1,0,0,,,,,,,,False,100,0.320479,0.015078,0.290683,0.385946,0.315918,0.354131,0,0,1777375489.7631898
198,features.6.3.block.2.fc1,Conv2d,"Conv2d(1152, 48, kernel_size=(1, 1), stride=(1, 1))",1x1152x1x1,1x48x1x1,55344,55344,1152,48,1x1,1x1,0x0,1x1,1,True,100,0.694198,0.079919,0.598815,0.950594,0.665171,0.831594,0,0,1777375489.7641547
199,features.6.3.block.2.activation,SiLU,SiLU(inplace=True),1x48x1x1,1x48x1x1,0,0,,,,,,,,False,100,0.237803,0.027217,0.210994,0.354852,0.223521,0.275855,0,0,1777375489.7645657
200,features.6.3.block.2.fc2,Conv2d,"Conv2d(48, 1152, kernel_size=(1, 1), stride=(1, 1))",1x48x1x1,1x1152x1x1,56448,56448,48,1152,1x1,1x1,0x0,1x1,1,True,100,0.580182,0.057209,0.520792,0.789965,0.553294,0.676497,0,0,1777375489.765317
201,features.6.3.block.2.scale_activation,Sigmoid,Sigmoid(),1x1152x1x1,1x1152x1x1,0,0,,,,,,,,False,100,0.250326,0.027942,0.222192,0.337715,0.234094,0.303246,0,0,1777375489.7657397
202,features.6.3.block.3.0,Conv2d,"Conv2d(1152, 192, kernel_size=(1, 1), stride=(1, 1), bias=False)",1x1152x7x7,1x192x7x7,221184,221184,1152,192,1x1,1x1,0x0,1x1,1,False,100,0.821088,0.034767,0.776007,0.910541,0.802491,0.880163,0,0,1777375489.7669942
203,features.6.3.block.3.1,BatchNorm2d,"BatchNorm2d(192, eps=1e-05, momentum=0.1, affine=True, track_running_stats=True)",1x192x7x7,1x192x7x7,384,384,,,,,,,,True,100,0.405391,0.031778,0.367924,0.531158,0.392847,0.467037,0,0,1777375489.7676625
204,features.6.3.stochastic_depth,StochasticDepth,"StochasticDepth(p=0.17500000000000002, mode=row)",1x192x7x7,1x192x7x7,0,0,,,,,,,,False,100,0.136184,0.018523,0.12469,0.21813,0.130654,0.19009,0,0,1777375489.76822
205,features.7.0.block.0.0,Conv2d,"Conv2d(192, 1152, kernel_size=(1, 1), stride=(1, 1), bias=False)",1x192x7x7,1x1152x7x7,221184,221184,192,1152,1x1,1x1,0x0,1x1,1,False,100,0.848098,0.04165,0.79382,0.970959,0.830435,0.938047,0,0,1777375489.769596
206,features.7.0.block.0.1,BatchNorm2d,"BatchNorm2d(1152, eps=1e-05, momentum=0.1, affine=True, track_running_stats=True)",1x1152x7x7,1x1152x7x7,2304,2304,,,,,,,,True,100,0.392561,0.030685,0.356101,0.480271,0.37644,0.456093,0,0,1777375489.770184
207,features.7.0.block.0.2,SiLU,SiLU(inplace=True),1x1152x7x7,1x1152x7x7,0,0,,,,,,,,False,100,0.247812,0.042153,0.215734,0.54621,0.229016,0.317695,0,0,1777375489.7706401
208,features.7.0.block.1.0,Conv2d,"Conv2d(1152, 1152, kernel_size=(3, 3), stride=(1, 1), padding=(1, 1), groups=1152, bias=False)",1x1152x7x7,1x1152x7x7,10368,10368,1152,1152,3x3,1x1,1x1,1x1,1152,False,100,0.449537,0.01781,0.400113,0.515168,0.446078,0.482521,0,0,1777375489.7712643
209,features.7.0.block.1.1,BatchNorm2d,"BatchNorm2d(1152, eps=1e-05, momentum=0.1, affine=True, track_running_stats=True)",1x1152x7x7,1x1152x7x7,2304,2304,,,,,,,,True,100,0.384783,0.036018,0.350372,0.542669,0.367456,0.43566,0,0,1777375489.7719088
210,features.7.0.block.1.2,SiLU,SiLU(inplace=True),1x1152x7x7,1x1152x7x7,0,0,,,,,,,,False,100,0.239195,0.039538,0.208703,0.450896,0.221099,0.282485,0,0,1777375489.7723265
211,features.7.0.block.2.avgpool,AdaptiveAvgPool2d,AdaptiveAvgPool2d(output_size=1),1x1152x7x7,1x1152x1x1,0,0,,,,,,,,False,100,0.325947,0.031981,0.307507,0.566262,0.315528,0.3803,0,0,1777375489.77286
212,features.7.0.block.2.fc1,Conv2d,"Conv2d(1152, 48, kernel_size=(1, 1), stride=(1, 1))",1x1152x1x1,1x48x1x1,55344,55344,1152,48,1x1,1x1,0x0,1x1,1,True,100,0.686773,0.076915,0.599961,0.903509,0.648348,0.818565,0,0,1777375489.7738
213,features.7.0.block.2.activation,SiLU,SiLU(inplace=True),1x48x1x1,1x48x1x1,0,0,,,,,,,,False,100,0.24062,0.028762,0.21016,0.330633,0.22662,0.294022,0,0,1777375489.7742102
214,features.7.0.block.2.fc2,Conv2d,"Conv2d(48, 1152, kernel_size=(1, 1), stride=(1, 1))",1x48x1x1,1x1152x1x1,56448,56448,48,1152,1x1,1x1,0x0,1x1,1,True,100,0.57683,0.052554,0.514959,0.693036,0.556158,0.669499,0,0,1777375489.7749672
215,features.7.0.block.2.scale_activation,Sigmoid,Sigmoid(),1x1152x1x1,1x1152x1x1,0,0,,,,,,,,False,100,0.246318,0.023588,0.220682,0.304695,0.232557,0.281295,0,0,1777375489.775387
216,features.7.0.block.3.0,Conv2d,"Conv2d(1152, 320, kernel_size=(1, 1), stride=(1, 1), bias=False)",1x1152x7x7,1x320x7x7,368640,368640,1152,320,1x1,1x1,0x0,1x1,1,False,100,1.092508,0.036299,1.045128,1.201277,1.074971,1.150679,0,0,1777375489.7769103
217,features.7.0.block.3.1,BatchNorm2d,"BatchNorm2d(320, eps=1e-05, momentum=0.1, affine=True, track_running_stats=True)",1x320x7x7,1x320x7x7,640,640,,,,,,,,True,100,0.411029,0.053498,0.367925,0.83507,0.400191,0.466277,0,0,1777375489.7774813
218,features.8.0,Conv2d,"Conv2d(320, 1280, kernel_size=(1, 1), stride=(1, 1), bias=False)",1x320x7x7,1x1280x7x7,409600,409600,320,1280,1x1,1x1,0x0,1x1,1,False,100,1.156494,0.031777,1.114296,1.230965,1.142551,1.208042,0,0,1777375489.7788446
219,features.8.1,BatchNorm2d,"BatchNorm2d(1280, eps=1e-05, momentum=0.1, affine=True, track_running_stats=True)",1x1280x7x7,1x1280x7x7,2560,2560,,,,,,,,True,100,0.38869,0.024462,0.353654,0.458188,0.377509,0.427408,0,0,1777375489.7793791
220,features.8.2,SiLU,SiLU(inplace=True),1x1280x7x7,1x1280x7x7,0,0,,,,,,,,False,100,0.245693,0.026645,0.215994,0.331778,0.231854,0.28528,0,0,1777375489.7798374
221,avgpool,AdaptiveAvgPool2d,AdaptiveAvgPool2d(output_size=1),1x1280x7x7,1x1280x1x1,0,0,,,,,,,,False,100,0.342241,0.205858,0.300632,2.383126,0.316752,0.370646,0,0,1777375489.7803261
222,classifier.0,Dropout,"Dropout(p=0.2, inplace=True)",1x1280,1x1280,0,0,,,,,,,,False,100,0.148345,0.018251,0.138962,0.251829,0.144561,0.167259,0,0,1777375489.7806942
223,classifier.1,Linear,"Linear(in_features=1280, out_features=1000, bias=True)",1x1280,1x1000,1281000,1281000,,,,,,,,True,100,0.779199,0.042147,0.721474,0.897676,0.76697,0.857503,0,0,1777375489.7815998
